TIMESTAMP,INSTRUMENT,SYMBOL,EXP_DATE,OPEN_PRICE,HI_PRICE,LO_PRICE,CLOSE_PRICE,OPEN_INT*,TRD_VAL,TRD_QTY,NO_OF_CONT,NO_OF_TRADE,OPEN_INT
2024-11-13,,SWIGGY,2024-11-28,420.0,465.8,391.0,456.0,,0.0,0.0,0.0,,0.0
2024-11-13,,SWIGGY,2024-12-26,420.0,465.8,391.0,456.0,,0.0,0.0,0.0,,0.0
2024-11-13,,SWIGGY,2025-01-30,420.0,465.8,391.0,456.0,,0.0,0.0,0.0,,0.0
2024-11-14,,SWIGGY,2024-11-28,473.15,489.4,418.6,430.7,,0.0,0.0,0.0,,0.0
2024-11-14,,SWIGGY,2024-12-26,473.15,489.4,418.6,430.7,,0.0,0.0,0.0,,0.0
2024-11-14,,SWIGGY,2025-01-30,473.15,489.4,418.6,430.7,,0.0,0.0,0.0,,0.0
2024-11-18,,SWIGGY,2024-11-28,416.1,438.7,410.4,420.1,,0.0,0.0,0.0,,0.0
2024-11-18,,SWIGGY,2024-12-26,416.1,438.7,410.4,420.1,,0.0,0.0,0.0,,0.0
2024-11-18,,SWIGGY,2025-01-30,416.1,438.7,410.4,420.1,,0.0,0.0,0.0,,0.0
2024-11-19,,SWIGGY,2024-11-28,424.0,430.9,408.85,412.45,,0.0,0.0,0.0,,0.0
2024-11-19,,SWIGGY,2024-12-26,424.0,430.9,408.85,412.45,,0.0,0.0,0.0,,0.0
2024-11-19,,SWIGGY,2025-01-30,424.0,430.9,408.85,412.45,,0.0,0.0,0.0,,0.0
2024-11-21,,SWIGGY,2024-11-28,409.0,423.7,402.0,416.85,,0.0,0.0,0.0,,0.0
2024-11-21,,SWIGGY,2024-12-26,409.0,423.7,402.0,416.85,,0.0,0.0,0.0,,0.0
2024-11-21,,SWIGGY,2025-01-30,409.0,423.7,402.0,416.85,,0.0,0.0,0.0,,0.0
2024-11-22,,SWIGGY,2024-11-28,414.2,419.75,410.0,416.6,,0.0,0.0,0.0,,0.0
2024-11-22,,SWIGGY,2024-12-26,414.2,419.75,410.0,416.6,,0.0,0.0,0.0,,0.0
2024-11-22,,SWIGGY,2025-01-30,414.2,419.75,410.0,416.6,,0.0,0.0,0.0,,0.0
2024-11-25,,SWIGGY,2024-11-28,418.8,441.4,417.2,430.7,,0.0,0.0,0.0,,0.0
2024-11-25,,SWIGGY,2024-12-26,418.8,441.4,417.2,430.7,,0.0,0.0,0.0,,0.0
2024-11-25,,SWIGGY,2025-01-30,418.8,441.4,417.2,430.7,,0.0,0.0,0.0,,0.0
2024-11-26,,SWIGGY,2024-11-28,443.0,471.0,438.9,461.9,,0.0,0.0,0.0,,0.0
2024-11-26,,SWIGGY,2024-12-26,443.0,471.0,438.9,461.9,,0.0,0.0,0.0,,0.0
2024-11-26,,SWIGGY,2025-01-30,443.0,471.0,438.9,461.9,,0.0,0.0,0.0,,0.0
2024-11-27,,SWIGGY,2024-11-28,468.0,508.0,465.55,499.05,,0.0,0.0,0.0,,0.0
2024-11-27,,SWIGGY,2024-12-26,468.0,508.0,465.55,499.05,,0.0,0.0,0.0,,0.0
2024-11-27,,SWIGGY,2025-01-30,468.0,508.0,465.55,499.05,,0.0,0.0,0.0,,0.0
2024-11-28,,SWIGGY,2024-11-28,507.4,517.0,481.05,491.5,,0.0,0.0,0.0,,0.0
2024-11-28,,SWIGGY,2024-12-26,507.4,517.0,481.05,491.5,,0.0,0.0,0.0,,0.0
2024-11-28,,SWIGGY,2025-01-30,507.4,517.0,481.05,491.5,,0.0,0.0,0.0,,0.0
2024-11-29,,SWIGGY,2024-12-26,489.95,493.5,454.6,470.75,,0.0,0.0,0.0,,0.0
2024-11-29,,SWIGGY,2025-01-30,489.95,493.5,454.6,470.75,,0.0,0.0,0.0,,0.0
2024-11-29,,SWIGGY,2025-02-27,489.95,493.5,454.6,470.75,,0.0,0.0,0.0,,0.0
2024-12-02,,SWIGGY,2024-12-26,472.0,503.65,464.35,493.7,,0.0,0.0,0.0,,0.0
2024-12-02,,SWIGGY,2025-01-30,472.0,503.65,464.35,493.7,,0.0,0.0,0.0,,0.0
2024-12-02,,SWIGGY,2025-02-27,472.0,503.65,464.35,493.7,,0.0,0.0,0.0,,0.0
2024-12-03,,SWIGGY,2024-12-26,505.0,541.95,486.05,501.85,,0.0,0.0,0.0,,0.0
2024-12-03,,SWIGGY,2025-01-30,505.0,541.95,486.05,501.85,,0.0,0.0,0.0,,0.0
2024-12-03,,SWIGGY,2025-02-27,505.0,541.95,486.05,501.85,,0.0,0.0,0.0,,0.0
2024-12-04,,SWIGGY,2024-12-26,510.0,534.8,509.85,517.8,,0.0,0.0,0.0,,0.0
2024-12-04,,SWIGGY,2025-01-30,510.0,534.8,509.85,517.8,,0.0,0.0,0.0,,0.0
2024-12-04,,SWIGGY,2025-02-27,510.0,534.8,509.85,517.8,,0.0,0.0,0.0,,0.0
2024-12-05,,SWIGGY,2024-12-26,519.7,576.7,511.0,540.0,,0.0,0.0,0.0,,0.0
2024-12-05,,SWIGGY,2025-01-30,519.7,576.7,511.0,540.0,,0.0,0.0,0.0,,0.0
2024-12-05,,SWIGGY,2025-02-27,519.7,576.7,511.0,540.0,,0.0,0.0,0.0,,0.0
2024-12-06,,SWIGGY,2024-12-26,540.0,552.8,530.05,544.7,,0.0,0.0,0.0,,0.0
2024-12-06,,SWIGGY,2025-01-30,540.0,552.8,530.05,544.7,,0.0,0.0,0.0,,0.0
2024-12-06,,SWIGGY,2025-02-27,540.0,552.8,530.05,544.7,,0.0,0.0,0.0,,0.0
2024-12-09,,SWIGGY,2024-12-26,545.65,547.75,528.6,536.85,,0.0,0.0,0.0,,0.0
2024-12-09,,SWIGGY,2025-01-30,545.65,547.75,528.6,536.85,,0.0,0.0,0.0,,0.0
2024-12-09,,SWIGGY,2025-02-27,545.65,547.75,528.6,536.85,,0.0,0.0,0.0,,0.0
2024-12-10,,SWIGGY,2024-12-26,560.0,567.9,540.0,543.75,,0.0,0.0,0.0,,0.0
2024-12-10,,SWIGGY,2025-01-30,560.0,567.9,540.0,543.75,,0.0,0.0,0.0,,0.0
2024-12-10,,SWIGGY,2025-02-27,560.0,567.9,540.0,543.75,,0.0,0.0,0.0,,0.0
2024-12-11,,SWIGGY,2024-12-26,527.0,530.85,516.5,522.55,,0.0,0.0,0.0,,0.0
2024-12-11,,SWIGGY,2025-01-30,527.0,530.85,516.5,522.55,,0.0,0.0,0.0,,0.0
2024-12-11,,SWIGGY,2025-02-27,527.0,530.85,516.5,522.55,,0.0,0.0,0.0,,0.0
2024-12-12,,SWIGGY,2024-12-26,522.0,524.85,501.0,504.3,,0.0,0.0,0.0,,0.0
2024-12-12,,SWIGGY,2025-01-30,522.0,524.85,501.0,504.3,,0.0,0.0,0.0,,0.0
2024-12-12,,SWIGGY,2025-02-27,522.0,524.85,501.0,504.3,,0.0,0.0,0.0,,0.0
2024-12-13,,SWIGGY,2024-12-26,506.2,536.7,504.3,532.35,,0.0,0.0,0.0,,0.0
2024-12-13,,SWIGGY,2025-01-30,506.2,536.7,504.3,532.35,,0.0,0.0,0.0,,0.0
2024-12-13,,SWIGGY,2025-02-27,506.2,536.7,504.3,532.35,,0.0,0.0,0.0,,0.0
2024-12-16,,SWIGGY,2024-12-26,538.0,612.4,533.0,596.35,,0.0,0.0,0.0,,0.0
2024-12-16,,SWIGGY,2025-01-30,538.0,612.4,533.0,596.35,,0.0,0.0,0.0,,0.0
2024-12-16,,SWIGGY,2025-02-27,538.0,612.4,533.0,596.35,,0.0,0.0,0.0,,0.0
2024-12-17,,SWIGGY,2024-12-26,590.0,613.4,580.8,586.4,,0.0,0.0,0.0,,0.0
2024-12-17,,SWIGGY,2025-01-30,590.0,613.4,580.8,586.4,,0.0,0.0,0.0,,0.0
2024-12-17,,SWIGGY,2025-02-27,590.0,613.4,580.8,586.4,,0.0,0.0,0.0,,0.0
2024-12-18,,SWIGGY,2024-12-26,589.0,605.25,572.1,577.35,,0.0,0.0,0.0,,0.0
2024-12-18,,SWIGGY,2025-01-30,589.0,605.25,572.1,577.35,,0.0,0.0,0.0,,0.0
2024-12-18,,SWIGGY,2025-02-27,589.0,605.25,572.1,577.35,,0.0,0.0,0.0,,0.0
2024-12-19,,SWIGGY,2024-12-26,570.0,598.0,568.25,582.2,,0.0,0.0,0.0,,0.0
2024-12-19,,SWIGGY,2025-01-30,570.0,598.0,568.25,582.2,,0.0,0.0,0.0,,0.0
2024-12-19,,SWIGGY,2025-02-27,570.0,598.0,568.25,582.2,,0.0,0.0,0.0,,0.0
2024-12-20,,SWIGGY,2024-12-26,588.0,608.8,586.4,597.45,,0.0,0.0,0.0,,0.0
2024-12-20,,SWIGGY,2025-01-30,588.0,608.8,586.4,597.45,,0.0,0.0,0.0,,0.0
2024-12-20,,SWIGGY,2025-02-27,588.0,608.8,586.4,597.45,,0.0,0.0,0.0,,0.0
2024-12-23,,SWIGGY,2024-12-26,605.3,617.3,578.25,583.65,,0.0,0.0,0.0,,0.0
2024-12-23,,SWIGGY,2025-01-30,605.3,617.3,578.25,583.65,,0.0,0.0,0.0,,0.0
2024-12-23,,SWIGGY,2025-02-27,605.3,617.3,578.25,583.65,,0.0,0.0,0.0,,0.0
2024-12-24,,SWIGGY,2024-12-26,589.0,594.0,561.1,568.1,,0.0,0.0,0.0,,0.0
2024-12-24,,SWIGGY,2025-01-30,589.0,594.0,561.1,568.1,,0.0,0.0,0.0,,0.0
2024-12-24,,SWIGGY,2025-02-27,589.0,594.0,561.1,568.1,,0.0,0.0,0.0,,0.0
2024-12-26,,SWIGGY,2024-12-26,571.9,575.8,555.2,559.05,,0.0,0.0,0.0,,0.0
2024-12-26,,SWIGGY,2025-01-30,571.9,575.8,555.2,559.05,,0.0,0.0,0.0,,0.0
2024-12-26,,SWIGGY,2025-02-27,571.9,575.8,555.2,559.05,,0.0,0.0,0.0,,0.0
2024-12-27,,SWIGGY,2025-01-30,563.0,564.0,541.25,545.95,,0.0,0.0,0.0,,0.0
2024-12-27,,SWIGGY,2025-02-27,563.0,564.0,541.25,545.95,,0.0,0.0,0.0,,0.0
2024-12-27,,SWIGGY,2025-03-27,563.0,564.0,541.25,545.95,,0.0,0.0,0.0,,0.0
2024-12-30,,SWIGGY,2025-01-30,548.0,568.0,542.0,550.65,,0.0,0.0,0.0,,0.0
2024-12-30,,SWIGGY,2025-02-27,548.0,568.0,542.0,550.65,,0.0,0.0,0.0,,0.0
2024-12-30,,SWIGGY,2025-03-27,548.0,568.0,542.0,550.65,,0.0,0.0,0.0,,0.0
2024-12-31,,SWIGGY,2025-01-30,552.0,561.0,535.2,540.9,,0.0,0.0,0.0,,0.0
2024-12-31,,SWIGGY,2025-02-27,552.0,561.0,535.2,540.9,,0.0,0.0,0.0,,0.0
2024-12-31,,SWIGGY,2025-03-27,552.0,561.0,535.2,540.9,,0.0,0.0,0.0,,0.0
2025-01-01,,SWIGGY,2025-01-30,544.25,554.4,538.2,542.35,,0.0,0.0,0.0,,0.0
2025-01-01,,SWIGGY,2025-02-27,544.25,554.4,538.2,542.35,,0.0,0.0,0.0,,0.0
2025-01-01,,SWIGGY,2025-03-27,544.25,554.4,538.2,542.35,,0.0,0.0,0.0,,0.0
2025-01-02,,SWIGGY,2025-01-30,545.1,558.0,539.35,556.45,,0.0,0.0,0.0,,0.0
2025-01-02,,SWIGGY,2025-02-27,545.1,558.0,539.35,556.45,,0.0,0.0,0.0,,0.0
2025-01-02,,SWIGGY,2025-03-27,545.1,558.0,539.35,556.45,,0.0,0.0,0.0,,0.0
2025-01-03,,SWIGGY,2025-01-30,557.0,558.85,540.0,541.45,,0.0,0.0,0.0,,0.0
2025-01-03,,SWIGGY,2025-02-27,557.0,558.85,540.0,541.45,,0.0,0.0,0.0,,0.0
2025-01-03,,SWIGGY,2025-03-27,557.0,558.85,540.0,541.45,,0.0,0.0,0.0,,0.0
2025-01-06,,SWIGGY,2025-01-30,544.4,546.55,520.2,532.1,,0.0,0.0,0.0,,0.0
2025-01-06,,SWIGGY,2025-02-27,544.4,546.55,520.2,532.1,,0.0,0.0,0.0,,0.0
2025-01-06,,SWIGGY,2025-03-27,544.4,546.55,520.2,532.1,,0.0,0.0,0.0,,0.0
2025-01-07,,SWIGGY,2025-01-30,538.0,538.0,505.15,509.25,,0.0,0.0,0.0,,0.0
2025-01-07,,SWIGGY,2025-02-27,538.0,538.0,505.15,509.25,,0.0,0.0,0.0,,0.0
2025-01-07,,SWIGGY,2025-03-27,538.0,538.0,505.15,509.25,,0.0,0.0,0.0,,0.0
2025-01-08,,SWIGGY,2025-01-30,514.9,515.2,486.2,490.6,,0.0,0.0,0.0,,0.0
2025-01-08,,SWIGGY,2025-02-27,514.9,515.2,486.2,490.6,,0.0,0.0,0.0,,0.0
2025-01-08,,SWIGGY,2025-03-27,514.9,515.2,486.2,490.6,,0.0,0.0,0.0,,0.0
2025-01-09,,SWIGGY,2025-01-30,505.15,521.4,497.05,507.5,,0.0,0.0,0.0,,0.0
2025-01-09,,SWIGGY,2025-02-27,505.15,521.4,497.05,507.5,,0.0,0.0,0.0,,0.0
2025-01-09,,SWIGGY,2025-03-27,505.15,521.4,497.05,507.5,,0.0,0.0,0.0,,0.0
2025-01-10,,SWIGGY,2025-01-30,504.0,505.9,488.55,492.3,,0.0,0.0,0.0,,0.0
2025-01-10,,SWIGGY,2025-02-27,504.0,505.9,488.55,492.3,,0.0,0.0,0.0,,0.0
2025-01-10,,SWIGGY,2025-03-27,504.0,505.9,488.55,492.3,,0.0,0.0,0.0,,0.0
2025-01-13,,SWIGGY,2025-01-30,481.15,487.9,458.3,463.1,,0.0,0.0,0.0,,0.0
2025-01-13,,SWIGGY,2025-02-27,481.15,487.9,458.3,463.1,,0.0,0.0,0.0,,0.0
2025-01-13,,SWIGGY,2025-03-27,481.15,487.9,458.3,463.1,,0.0,0.0,0.0,,0.0
2025-01-14,,SWIGGY,2025-01-30,465.2,481.45,460.1,464.55,,0.0,0.0,0.0,,0.0
2025-01-14,,SWIGGY,2025-02-27,465.2,481.45,460.1,464.55,,0.0,0.0,0.0,,0.0
2025-01-14,,SWIGGY,2025-03-27,465.2,481.45,460.1,464.55,,0.0,0.0,0.0,,0.0
2025-01-15,,SWIGGY,2025-01-30,474.0,494.4,470.05,487.3,,0.0,0.0,0.0,,0.0
2025-01-15,,SWIGGY,2025-02-27,474.0,494.4,470.05,487.3,,0.0,0.0,0.0,,0.0
2025-01-15,,SWIGGY,2025-03-27,474.0,494.4,470.05,487.3,,0.0,0.0,0.0,,0.0
2025-01-16,,SWIGGY,2025-01-30,505.0,514.8,479.0,483.0,,0.0,0.0,0.0,,0.0
2025-01-16,,SWIGGY,2025-02-27,505.0,514.8,479.0,483.0,,0.0,0.0,0.0,,0.0
2025-01-16,,SWIGGY,2025-03-27,505.0,514.8,479.0,483.0,,0.0,0.0,0.0,,0.0
2025-01-17,,SWIGGY,2025-01-30,483.5,489.5,467.2,473.1,,0.0,0.0,0.0,,0.0
2025-01-17,,SWIGGY,2025-02-27,483.5,489.5,467.2,473.1,,0.0,0.0,0.0,,0.0
2025-01-17,,SWIGGY,2025-03-27,483.5,489.5,467.2,473.1,,0.0,0.0,0.0,,0.0
2025-01-20,,SWIGGY,2025-01-30,475.7,483.75,464.45,479.2,,0.0,0.0,0.0,,0.0
2025-01-20,,SWIGGY,2025-02-27,475.7,483.75,464.45,479.2,,0.0,0.0,0.0,,0.0
2025-01-20,,SWIGGY,2025-03-27,475.7,483.75,464.45,479.2,,0.0,0.0,0.0,,0.0
2025-01-21,,SWIGGY,2025-01-30,470.0,471.3,427.05,440.45,,0.0,0.0,0.0,,0.0
2025-01-21,,SWIGGY,2025-02-27,470.0,471.3,427.05,440.45,,0.0,0.0,0.0,,0.0
2025-01-21,,SWIGGY,2025-03-27,470.0,471.3,427.05,440.45,,0.0,0.0,0.0,,0.0
2025-01-22,,SWIGGY,2025-01-30,441.0,445.45,413.6,433.7,,0.0,0.0,0.0,,0.0
2025-01-22,,SWIGGY,2025-02-27,441.0,445.45,413.6,433.7,,0.0,0.0,0.0,,0.0
2025-01-22,,SWIGGY,2025-03-27,441.0,445.45,413.6,433.7,,0.0,0.0,0.0,,0.0
2025-01-23,,SWIGGY,2025-01-30,434.5,465.0,433.9,460.9,,0.0,0.0,0.0,,0.0
2025-01-23,,SWIGGY,2025-02-27,434.5,465.0,433.9,460.9,,0.0,0.0,0.0,,0.0
2025-01-23,,SWIGGY,2025-03-27,434.5,465.0,433.9,460.9,,0.0,0.0,0.0,,0.0
2025-01-24,,SWIGGY,2025-01-30,463.2,463.9,441.0,449.05,,0.0,0.0,0.0,,0.0
2025-01-24,,SWIGGY,2025-02-27,463.2,463.9,441.0,449.05,,0.0,0.0,0.0,,0.0
2025-01-24,,SWIGGY,2025-03-27,463.2,463.9,441.0,449.05,,0.0,0.0,0.0,,0.0
2025-01-27,,SWIGGY,2025-01-30,442.0,443.45,405.35,410.05,,0.0,0.0,0.0,,0.0
2025-01-27,,SWIGGY,2025-02-27,442.0,443.45,405.35,410.05,,0.0,0.0,0.0,,0.0
2025-01-27,,SWIGGY,2025-03-27,442.0,443.45,405.35,410.05,,0.0,0.0,0.0,,0.0
2025-01-28,,SWIGGY,2025-01-30,414.25,418.55,389.05,410.95,,0.0,0.0,0.0,,0.0
2025-01-28,,SWIGGY,2025-02-27,414.25,418.55,389.05,410.95,,0.0,0.0,0.0,,0.0
2025-01-28,,SWIGGY,2025-03-27,414.25,418.55,389.05,410.95,,0.0,0.0,0.0,,0.0
2025-01-29,,SWIGGY,2025-01-30,412.0,429.95,406.75,428.2,,0.0,0.0,0.0,,0.0
2025-01-29,,SWIGGY,2025-02-27,412.0,429.95,406.75,428.2,,0.0,0.0,0.0,,0.0
2025-01-29,,SWIGGY,2025-03-27,412.0,429.95,406.75,428.2,,0.0,0.0,0.0,,0.0
2025-01-30,,SWIGGY,2025-01-30,428.0,428.5,402.5,404.75,,0.0,0.0,0.0,,0.0
2025-01-30,,SWIGGY,2025-02-27,428.0,428.5,402.5,404.75,,0.0,0.0,0.0,,0.0
2025-01-30,,SWIGGY,2025-03-27,428.0,428.5,402.5,404.75,,0.0,0.0,0.0,,0.0
2025-01-31,,SWIGGY,2025-02-27,410.9,420.45,408.4,416.1,,0.0,0.0,0.0,,0.0
2025-01-31,,SWIGGY,2025-03-27,410.9,420.45,408.4,416.1,,0.0,0.0,0.0,,0.0
2025-01-31,,SWIGGY,2025-04-24,410.9,420.45,408.4,416.1,,0.0,0.0,0.0,,0.0
2025-02-03,,SWIGGY,2025-02-27,431.0,463.0,421.0,458.4,,0.0,0.0,0.0,,0.0
2025-02-03,,SWIGGY,2025-03-27,431.0,463.0,421.0,458.4,,0.0,0.0,0.0,,0.0
2025-02-03,,SWIGGY,2025-04-24,431.0,463.0,421.0,458.4,,0.0,0.0,0.0,,0.0
2025-02-04,,SWIGGY,2025-02-27,458.0,458.0,428.45,434.05,,0.0,0.0,0.0,,0.0
2025-02-04,,SWIGGY,2025-03-27,458.0,458.0,428.45,434.05,,0.0,0.0,0.0,,0.0
2025-02-04,,SWIGGY,2025-04-24,458.0,458.0,428.45,434.05,,0.0,0.0,0.0,,0.0
2025-02-05,,SWIGGY,2025-02-27,426.0,430.5,414.3,418.05,,0.0,0.0,0.0,,0.0
2025-02-05,,SWIGGY,2025-03-27,426.0,430.5,414.3,418.05,,0.0,0.0,0.0,,0.0
2025-02-05,,SWIGGY,2025-04-24,426.0,430.5,414.3,418.05,,0.0,0.0,0.0,,0.0
2025-02-06,,SWIGGY,2025-02-27,391.0,410.9,385.25,388.7,,0.0,0.0,0.0,,0.0
2025-02-06,,SWIGGY,2025-03-27,391.0,410.9,385.25,388.7,,0.0,0.0,0.0,,0.0
2025-02-06,,SWIGGY,2025-04-24,391.0,410.9,385.25,388.7,,0.0,0.0,0.0,,0.0
2025-02-07,,SWIGGY,2025-02-27,395.0,397.25,375.0,380.65,,0.0,0.0,0.0,,0.0
2025-02-07,,SWIGGY,2025-03-27,395.0,397.25,375.0,380.65,,0.0,0.0,0.0,,0.0
2025-02-07,,SWIGGY,2025-04-24,395.0,397.25,375.0,380.65,,0.0,0.0,0.0,,0.0
2025-02-10,,SWIGGY,2025-02-27,378.0,378.25,359.0,362.1,,0.0,0.0,0.0,,0.0
2025-02-10,,SWIGGY,2025-03-27,378.0,378.25,359.0,362.1,,0.0,0.0,0.0,,0.0
2025-02-10,,SWIGGY,2025-04-24,378.0,378.25,359.0,362.1,,0.0,0.0,0.0,,0.0
2025-02-11,,SWIGGY,2025-02-27,370.0,370.2,330.0,333.35,,0.0,0.0,0.0,,0.0
2025-02-11,,SWIGGY,2025-03-27,370.0,370.2,330.0,333.35,,0.0,0.0,0.0,,0.0
2025-02-11,,SWIGGY,2025-04-24,370.0,370.2,330.0,333.35,,0.0,0.0,0.0,,0.0
2025-02-12,,SWIGGY,2025-02-27,336.4,352.95,326.2,341.4,,0.0,0.0,0.0,,0.0
2025-02-12,,SWIGGY,2025-03-27,336.4,352.95,326.2,341.4,,0.0,0.0,0.0,,0.0
2025-02-12,,SWIGGY,2025-04-24,336.4,352.95,326.2,341.4,,0.0,0.0,0.0,,0.0
2025-02-13,,SWIGGY,2025-02-27,348.0,369.0,343.05,365.5,,0.0,0.0,0.0,,0.0
2025-02-13,,SWIGGY,2025-03-27,348.0,369.0,343.05,365.5,,0.0,0.0,0.0,,0.0
2025-02-13,,SWIGGY,2025-04-24,348.0,369.0,343.05,365.5,,0.0,0.0,0.0,,0.0
2025-02-14,,SWIGGY,2025-02-27,364.0,364.0,325.3,340.75,,0.0,0.0,0.0,,0.0
2025-02-14,,SWIGGY,2025-03-27,364.0,364.0,325.3,340.75,,0.0,0.0,0.0,,0.0
2025-02-14,,SWIGGY,2025-04-24,364.0,364.0,325.3,340.75,,0.0,0.0,0.0,,0.0
2025-02-17,,SWIGGY,2025-02-27,337.5,354.8,333.5,338.25,,0.0,0.0,0.0,,0.0
2025-02-17,,SWIGGY,2025-03-27,337.5,354.8,333.5,338.25,,0.0,0.0,0.0,,0.0
2025-02-17,,SWIGGY,2025-04-24,337.5,354.8,333.5,338.25,,0.0,0.0,0.0,,0.0
2025-02-18,,SWIGGY,2025-02-27,338.25,349.85,328.4,347.9,,0.0,0.0,0.0,,0.0
2025-02-18,,SWIGGY,2025-03-27,338.25,349.85,328.4,347.9,,0.0,0.0,0.0,,0.0
2025-02-18,,SWIGGY,2025-04-24,338.25,349.85,328.4,347.9,,0.0,0.0,0.0,,0.0
2025-02-19,,SWIGGY,2025-02-27,340.0,383.5,339.55,377.4,,0.0,0.0,0.0,,0.0
2025-02-19,,SWIGGY,2025-03-27,340.0,383.5,339.55,377.4,,0.0,0.0,0.0,,0.0
2025-02-19,,SWIGGY,2025-04-24,340.0,383.5,339.55,377.4,,0.0,0.0,0.0,,0.0
2025-02-20,,SWIGGY,2025-02-27,370.5,386.75,367.75,373.6,,0.0,0.0,0.0,,0.0
2025-02-20,,SWIGGY,2025-03-27,370.5,386.75,367.75,373.6,,0.0,0.0,0.0,,0.0
2025-02-20,,SWIGGY,2025-04-24,370.5,386.75,367.75,373.6,,0.0,0.0,0.0,,0.0
2025-02-21,,SWIGGY,2025-02-27,371.7,374.8,354.0,360.55,,0.0,0.0,0.0,,0.0
2025-02-21,,SWIGGY,2025-03-27,371.7,374.8,354.0,360.55,,0.0,0.0,0.0,,0.0
2025-02-21,,SWIGGY,2025-04-24,371.7,374.8,354.0,360.55,,0.0,0.0,0.0,,0.0
2025-02-24,,SWIGGY,2025-02-27,354.0,368.0,348.35,364.65,,0.0,0.0,0.0,,0.0
2025-02-24,,SWIGGY,2025-03-27,354.0,368.0,348.35,364.65,,0.0,0.0,0.0,,0.0
2025-02-24,,SWIGGY,2025-04-24,354.0,368.0,348.35,364.65,,0.0,0.0,0.0,,0.0
2025-02-25,,SWIGGY,2025-02-27,363.05,364.65,350.4,355.1,,0.0,0.0,0.0,,0.0
2025-02-25,,SWIGGY,2025-03-27,363.05,364.65,350.4,355.1,,0.0,0.0,0.0,,0.0
2025-02-25,,SWIGGY,2025-04-24,363.05,364.65,350.4,355.1,,0.0,0.0,0.0,,0.0
2025-02-27,,SWIGGY,2025-02-27,360.0,360.0,341.0,344.45,,0.0,0.0,0.0,,0.0
2025-02-27,,SWIGGY,2025-03-27,360.0,360.0,341.0,344.45,,0.0,0.0,0.0,,0.0
2025-02-27,,SWIGGY,2025-04-24,360.0,360.0,341.0,344.45,,0.0,0.0,0.0,,0.0
2025-02-28,,SWIGGY,2025-03-27,340.0,354.5,331.05,334.65,,0.0,0.0,0.0,,0.0
2025-02-28,,SWIGGY,2025-04-24,340.0,354.5,331.05,334.65,,0.0,0.0,0.0,,0.0
2025-02-28,,SWIGGY,2025-05-29,340.0,354.5,331.05,334.65,,0.0,0.0,0.0,,0.0
2025-03-03,,SWIGGY,2025-03-27,342.25,342.25,317.0,326.3,,0.0,0.0,0.0,,0.0
2025-03-03,,SWIGGY,2025-04-24,342.25,342.25,317.0,326.3,,0.0,0.0,0.0,,0.0
2025-03-03,,SWIGGY,2025-05-29,342.25,342.25,317.0,326.3,,0.0,0.0,0.0,,0.0
2025-03-04,,SWIGGY,2025-03-27,324.0,352.0,322.15,350.05,,0.0,0.0,0.0,,0.0
2025-03-04,,SWIGGY,2025-04-24,324.0,352.0,322.15,350.05,,0.0,0.0,0.0,,0.0
2025-03-04,,SWIGGY,2025-05-29,324.0,352.0,322.15,350.05,,0.0,0.0,0.0,,0.0
2025-03-05,,SWIGGY,2025-03-27,346.35,360.0,343.5,358.5,,0.0,0.0,0.0,,0.0
2025-03-05,,SWIGGY,2025-04-24,346.35,360.0,343.5,358.5,,0.0,0.0,0.0,,0.0
2025-03-05,,SWIGGY,2025-05-29,346.35,360.0,343.5,358.5,,0.0,0.0,0.0,,0.0
2025-03-06,,SWIGGY,2025-03-27,360.0,377.3,359.05,362.55,,0.0,0.0,0.0,,0.0
2025-03-06,,SWIGGY,2025-04-24,360.0,377.3,359.05,362.55,,0.0,0.0,0.0,,0.0
2025-03-06,,SWIGGY,2025-05-29,360.0,377.3,359.05,362.55,,0.0,0.0,0.0,,0.0
2025-03-07,,SWIGGY,2025-03-27,360.0,368.75,353.55,360.95,,0.0,0.0,0.0,,0.0
2025-03-07,,SWIGGY,2025-04-24,360.0,368.75,353.55,360.95,,0.0,0.0,0.0,,0.0
2025-03-07,,SWIGGY,2025-05-29,360.0,368.75,353.55,360.95,,0.0,0.0,0.0,,0.0
2025-03-10,,SWIGGY,2025-03-27,368.8,368.8,354.25,359.65,,0.0,0.0,0.0,,0.0
2025-03-10,,SWIGGY,2025-04-24,368.8,368.8,354.25,359.65,,0.0,0.0,0.0,,0.0
2025-03-10,,SWIGGY,2025-05-29,368.8,368.8,354.25,359.65,,0.0,0.0,0.0,,0.0
2025-03-11,,SWIGGY,2025-03-27,354.0,354.75,347.3,352.85,,0.0,0.0,0.0,,0.0
2025-03-11,,SWIGGY,2025-04-24,354.0,354.75,347.3,352.85,,0.0,0.0,0.0,,0.0
2025-03-11,,SWIGGY,2025-05-29,354.0,354.75,347.3,352.85,,0.0,0.0,0.0,,0.0
2025-03-12,,SWIGGY,2025-03-27,355.95,360.6,346.45,348.8,,0.0,0.0,0.0,,0.0
2025-03-12,,SWIGGY,2025-04-24,355.95,360.6,346.45,348.8,,0.0,0.0,0.0,,0.0
2025-03-12,,SWIGGY,2025-05-29,355.95,360.6,346.45,348.8,,0.0,0.0,0.0,,0.0
2025-03-13,,SWIGGY,2025-03-27,353.0,357.85,343.7,353.2,,0.0,0.0,0.0,,0.0
2025-03-13,,SWIGGY,2025-04-24,353.0,357.85,343.7,353.2,,0.0,0.0,0.0,,0.0
2025-03-13,,SWIGGY,2025-05-29,353.0,357.85,343.7,353.2,,0.0,0.0,0.0,,0.0
2025-03-17,,SWIGGY,2025-03-27,356.0,359.3,349.2,354.7,,0.0,0.0,0.0,,0.0
2025-03-17,,SWIGGY,2025-04-24,356.0,359.3,349.2,354.7,,0.0,0.0,0.0,,0.0
2025-03-17,,SWIGGY,2025-05-29,356.0,359.3,349.2,354.7,,0.0,0.0,0.0,,0.0
2025-03-18,,SWIGGY,2025-03-27,356.5,359.3,353.05,356.05,,0.0,0.0,0.0,,0.0
2025-03-18,,SWIGGY,2025-04-24,356.5,359.3,353.05,356.05,,0.0,0.0,0.0,,0.0
2025-03-18,,SWIGGY,2025-05-29,356.5,359.3,353.05,356.05,,0.0,0.0,0.0,,0.0
2025-03-19,,SWIGGY,2025-03-27,357.85,369.7,352.1,360.6,,0.0,0.0,0.0,,0.0
2025-03-19,,SWIGGY,2025-04-24,357.85,369.7,352.1,360.6,,0.0,0.0,0.0,,0.0
2025-03-19,,SWIGGY,2025-05-29,357.85,369.7,352.1,360.6,,0.0,0.0,0.0,,0.0
2025-03-20,,SWIGGY,2025-03-27,364.0,366.0,348.15,354.35,,0.0,0.0,0.0,,0.0
2025-03-20,,SWIGGY,2025-04-24,364.0,366.0,348.15,354.35,,0.0,0.0,0.0,,0.0
2025-03-20,,SWIGGY,2025-05-29,364.0,366.0,348.15,354.35,,0.0,0.0,0.0,,0.0
2025-03-21,,SWIGGY,2025-03-27,354.4,358.4,348.2,350.65,,0.0,0.0,0.0,,0.0
2025-03-21,,SWIGGY,2025-04-24,354.4,358.4,348.2,350.65,,0.0,0.0,0.0,,0.0
2025-03-21,,SWIGGY,2025-05-29,354.4,358.4,348.2,350.65,,0.0,0.0,0.0,,0.0
2025-03-24,,SWIGGY,2025-03-27,353.1,357.25,350.6,351.45,,0.0,0.0,0.0,,0.0
2025-03-24,,SWIGGY,2025-04-24,353.1,357.25,350.6,351.45,,0.0,0.0,0.0,,0.0
2025-03-24,,SWIGGY,2025-05-29,353.1,357.25,350.6,351.45,,0.0,0.0,0.0,,0.0
2025-03-25,,SWIGGY,2025-03-27,354.5,356.4,331.75,337.5,,0.0,0.0,0.0,,0.0
2025-03-25,,SWIGGY,2025-04-24,354.5,356.4,331.75,337.5,,0.0,0.0,0.0,,0.0
2025-03-25,,SWIGGY,2025-05-29,354.5,356.4,331.75,337.5,,0.0,0.0,0.0,,0.0
2025-03-26,,SWIGGY,2025-03-27,330.7,336.0,321.2,323.85,,0.0,0.0,0.0,,0.0
2025-03-26,,SWIGGY,2025-04-24,330.7,336.0,321.2,323.85,,0.0,0.0,0.0,,0.0
2025-03-26,,SWIGGY,2025-05-29,330.7,336.0,321.2,323.85,,0.0,0.0,0.0,,0.0
2025-03-27,,SWIGGY,2025-03-27,323.85,341.0,312.65,335.75,,0.0,0.0,0.0,,0.0
2025-03-27,,SWIGGY,2025-04-24,323.85,341.0,312.65,335.75,,0.0,0.0,0.0,,0.0
2025-03-27,,SWIGGY,2025-05-29,323.85,341.0,312.65,335.75,,0.0,0.0,0.0,,0.0
2025-03-28,,SWIGGY,2025-04-24,335.0,342.2,326.55,330.2,,0.0,0.0,0.0,,0.0
2025-03-28,,SWIGGY,2025-05-29,335.0,342.2,326.55,330.2,,0.0,0.0,0.0,,0.0
2025-03-28,,SWIGGY,2025-06-26,335.0,342.2,326.55,330.2,,0.0,0.0,0.0,,0.0
2025-04-01,,SWIGGY,2025-04-24,328.7,339.3,325.5,331.9,,0.0,0.0,0.0,,0.0
2025-04-01,,SWIGGY,2025-05-29,328.7,339.3,325.5,331.9,,0.0,0.0,0.0,,0.0
2025-04-01,,SWIGGY,2025-06-26,328.7,339.3,325.5,331.9,,0.0,0.0,0.0,,0.0
2025-04-02,,SWIGGY,2025-04-24,330.0,351.4,328.8,344.6,,0.0,0.0,0.0,,0.0
2025-04-02,,SWIGGY,2025-05-29,330.0,351.4,328.8,344.6,,0.0,0.0,0.0,,0.0
2025-04-02,,SWIGGY,2025-06-26,330.0,351.4,328.8,344.6,,0.0,0.0,0.0,,0.0
2025-04-03,,SWIGGY,2025-04-24,341.0,349.5,338.15,345.15,,0.0,0.0,0.0,,0.0
2025-04-03,,SWIGGY,2025-05-29,341.0,349.5,338.15,345.15,,0.0,0.0,0.0,,0.0
2025-04-03,,SWIGGY,2025-06-26,341.0,349.5,338.15,345.15,,0.0,0.0,0.0,,0.0
2025-04-04,,SWIGGY,2025-04-24,342.0,346.6,335.1,337.35,,0.0,0.0,0.0,,0.0
2025-04-04,,SWIGGY,2025-05-29,342.0,346.6,335.1,337.35,,0.0,0.0,0.0,,0.0
2025-04-04,,SWIGGY,2025-06-26,342.0,346.6,335.1,337.35,,0.0,0.0,0.0,,0.0
2025-04-07,,SWIGGY,2025-04-24,310.0,327.45,306.95,321.7,,0.0,0.0,0.0,,0.0
2025-04-07,,SWIGGY,2025-05-29,310.0,327.45,306.95,321.7,,0.0,0.0,0.0,,0.0
2025-04-07,,SWIGGY,2025-06-26,310.0,327.45,306.95,321.7,,0.0,0.0,0.0,,0.0
2025-04-08,,SWIGGY,2025-04-24,329.0,334.6,322.55,333.3,,0.0,0.0,0.0,,0.0
2025-04-08,,SWIGGY,2025-05-29,329.0,334.6,322.55,333.3,,0.0,0.0,0.0,,0.0
2025-04-08,,SWIGGY,2025-06-26,329.0,334.6,322.55,333.3,,0.0,0.0,0.0,,0.0
2025-04-09,,SWIGGY,2025-04-24,331.0,345.0,329.4,339.75,,0.0,0.0,0.0,,0.0
2025-04-09,,SWIGGY,2025-05-29,331.0,345.0,329.4,339.75,,0.0,0.0,0.0,,0.0
2025-04-09,,SWIGGY,2025-06-26,331.0,345.0,329.4,339.75,,0.0,0.0,0.0,,0.0
2025-04-11,,SWIGGY,2025-04-24,347.0,347.1,331.35,333.0,,0.0,0.0,0.0,,0.0
2025-04-11,,SWIGGY,2025-05-29,347.0,347.1,331.35,333.0,,0.0,0.0,0.0,,0.0
2025-04-11,,SWIGGY,2025-06-26,347.0,347.1,331.35,333.0,,0.0,0.0,0.0,,0.0
2025-04-15,,SWIGGY,2025-04-24,338.0,342.8,332.8,334.0,,0.0,0.0,0.0,,0.0
2025-04-15,,SWIGGY,2025-05-29,338.0,342.8,332.8,334.0,,0.0,0.0,0.0,,0.0
2025-04-15,,SWIGGY,2025-06-26,338.0,342.8,332.8,334.0,,0.0,0.0,0.0,,0.0
2025-04-16,,SWIGGY,2025-04-24,334.5,340.6,334.25,336.25,,0.0,0.0,0.0,,0.0
2025-04-16,,SWIGGY,2025-05-29,334.5,340.6,334.25,336.25,,0.0,0.0,0.0,,0.0
2025-04-16,,SWIGGY,2025-06-26,334.5,340.6,334.25,336.25,,0.0,0.0,0.0,,0.0
2025-04-17,,SWIGGY,2025-04-24,337.0,350.7,329.45,340.8,,0.0,0.0,0.0,,0.0
2025-04-17,,SWIGGY,2025-05-29,337.0,350.7,329.45,340.8,,0.0,0.0,0.0,,0.0
2025-04-17,,SWIGGY,2025-06-26,337.0,350.7,329.45,340.8,,0.0,0.0,0.0,,0.0
2025-04-21,,SWIGGY,2025-04-24,342.45,347.4,341.65,343.85,,0.0,0.0,0.0,,0.0
2025-04-21,,SWIGGY,2025-05-29,342.45,347.4,341.65,343.85,,0.0,0.0,0.0,,0.0
2025-04-21,,SWIGGY,2025-06-26,342.45,347.4,341.65,343.85,,0.0,0.0,0.0,,0.0
2025-04-22,,SWIGGY,2025-04-24,343.85,345.65,338.55,343.35,,0.0,0.0,0.0,,0.0
2025-04-22,,SWIGGY,2025-05-29,343.85,345.65,338.55,343.35,,0.0,0.0,0.0,,0.0
2025-04-22,,SWIGGY,2025-06-26,343.85,345.65,338.55,343.35,,0.0,0.0,0.0,,0.0
2025-04-23,,SWIGGY,2025-04-24,344.8,349.45,339.45,348.05,,0.0,0.0,0.0,,0.0
2025-04-23,,SWIGGY,2025-05-29,344.8,349.45,339.45,348.05,,0.0,0.0,0.0,,0.0
2025-04-23,,SWIGGY,2025-06-26,344.8,349.45,339.45,348.05,,0.0,0.0,0.0,,0.0
2025-04-24,,SWIGGY,2025-04-24,344.25,351.45,339.3,340.6,,0.0,0.0,0.0,,0.0
2025-04-24,,SWIGGY,2025-05-29,344.25,351.45,339.3,340.6,,0.0,0.0,0.0,,0.0
2025-04-24,,SWIGGY,2025-06-26,344.25,351.45,339.3,340.6,,0.0,0.0,0.0,,0.0
2025-04-25,,SWIGGY,2025-05-29,342.1,343.35,320.0,321.4,,0.0,0.0,0.0,,0.0
2025-04-25,,SWIGGY,2025-06-26,342.1,343.35,320.0,321.4,,0.0,0.0,0.0,,0.0
2025-04-25,,SWIGGY,2025-07-31,342.1,343.35,320.0,321.4,,0.0,0.0,0.0,,0.0
2025-04-28,,SWIGGY,2025-05-29,322.1,328.7,319.7,323.75,,0.0,0.0,0.0,,0.0
2025-04-28,,SWIGGY,2025-06-26,322.1,328.7,319.7,323.75,,0.0,0.0,0.0,,0.0
2025-04-28,,SWIGGY,2025-07-31,322.1,328.7,319.7,323.75,,0.0,0.0,0.0,,0.0
2025-04-29,,SWIGGY,2025-05-29,327.4,328.35,318.5,319.85,,0.0,0.0,0.0,,0.0
2025-04-29,,SWIGGY,2025-06-26,327.4,328.35,318.5,319.85,,0.0,0.0,0.0,,0.0
2025-04-29,,SWIGGY,2025-07-31,327.4,328.35,318.5,319.85,,0.0,0.0,0.0,,0.0
2025-04-30,,SWIGGY,2025-05-29,326.85,326.85,309.15,316.4,,0.0,0.0,0.0,,0.0
2025-04-30,,SWIGGY,2025-06-26,326.85,326.85,309.15,316.4,,0.0,0.0,0.0,,0.0
2025-04-30,,SWIGGY,2025-07-31,326.85,326.85,309.15,316.4,,0.0,0.0,0.0,,0.0
2025-05-02,,SWIGGY,2025-05-29,314.0,317.9,303.0,305.3,,0.0,0.0,0.0,,0.0
2025-05-02,,SWIGGY,2025-06-26,314.0,317.9,303.0,305.3,,0.0,0.0,0.0,,0.0
2025-05-02,,SWIGGY,2025-07-31,314.0,317.9,303.0,305.3,,0.0,0.0,0.0,,0.0
2025-05-05,,SWIGGY,2025-05-29,310.0,356.65,304.2,343.95,,0.0,0.0,0.0,,0.0
2025-05-05,,SWIGGY,2025-06-26,310.0,356.65,304.2,343.95,,0.0,0.0,0.0,,0.0
2025-05-05,,SWIGGY,2025-07-31,310.0,356.65,304.2,343.95,,0.0,0.0,0.0,,0.0
2025-05-06,,SWIGGY,2025-05-29,337.0,344.9,332.6,342.5,,0.0,0.0,0.0,,0.0
2025-05-06,,SWIGGY,2025-06-26,337.0,344.9,332.6,342.5,,0.0,0.0,0.0,,0.0
2025-05-06,,SWIGGY,2025-07-31,337.0,344.9,332.6,342.5,,0.0,0.0,0.0,,0.0
2025-05-07,,SWIGGY,2025-05-29,322.05,338.75,322.05,328.8,,0.0,0.0,0.0,,0.0
2025-05-07,,SWIGGY,2025-06-26,322.05,338.75,322.05,328.8,,0.0,0.0,0.0,,0.0
2025-05-07,,SWIGGY,2025-07-31,322.05,338.75,322.05,328.8,,0.0,0.0,0.0,,0.0
2025-05-08,,SWIGGY,2025-05-29,332.9,335.35,311.55,315.2,,0.0,0.0,0.0,,0.0
2025-05-08,,SWIGGY,2025-06-26,332.9,335.35,311.55,315.2,,0.0,0.0,0.0,,0.0
2025-05-08,,SWIGGY,2025-07-31,332.9,335.35,311.55,315.2,,0.0,0.0,0.0,,0.0
2025-05-09,,SWIGGY,2025-05-29,306.0,314.6,303.6,313.1,,0.0,0.0,0.0,,0.0
2025-05-09,,SWIGGY,2025-06-26,306.0,314.6,303.6,313.1,,0.0,0.0,0.0,,0.0
2025-05-09,,SWIGGY,2025-07-31,306.0,314.6,303.6,313.1,,0.0,0.0,0.0,,0.0
2025-05-12,,SWIGGY,2025-05-29,319.4,325.0,306.25,320.3,,0.0,0.0,0.0,,0.0
2025-05-12,,SWIGGY,2025-06-26,319.4,325.0,306.25,320.3,,0.0,0.0,0.0,,0.0
2025-05-12,,SWIGGY,2025-07-31,319.4,325.0,306.25,320.3,,0.0,0.0,0.0,,0.0
2025-05-13,,SWIGGY,2025-05-29,305.0,315.7,297.0,310.55,,0.0,0.0,0.0,,0.0
2025-05-13,,SWIGGY,2025-06-26,305.0,315.7,297.0,310.55,,0.0,0.0,0.0,,0.0
2025-05-13,,SWIGGY,2025-07-31,305.0,315.7,297.0,310.55,,0.0,0.0,0.0,,0.0
2025-05-14,,SWIGGY,2025-05-29,313.2,313.4,306.0,307.3,,0.0,0.0,0.0,,0.0
2025-05-14,,SWIGGY,2025-06-26,313.2,313.4,306.0,307.3,,0.0,0.0,0.0,,0.0
2025-05-14,,SWIGGY,2025-07-31,313.2,313.4,306.0,307.3,,0.0,0.0,0.0,,0.0
2025-05-15,,SWIGGY,2025-05-29,310.0,318.15,308.15,316.25,,0.0,0.0,0.0,,0.0
2025-05-15,,SWIGGY,2025-06-26,310.0,318.15,308.15,316.25,,0.0,0.0,0.0,,0.0
2025-05-15,,SWIGGY,2025-07-31,310.0,318.15,308.15,316.25,,0.0,0.0,0.0,,0.0
2025-05-16,,SWIGGY,2025-05-29,317.8,327.2,315.3,321.2,,0.0,0.0,0.0,,0.0
2025-05-16,,SWIGGY,2025-06-26,317.8,327.2,315.3,321.2,,0.0,0.0,0.0,,0.0
2025-05-16,,SWIGGY,2025-07-31,317.8,327.2,315.3,321.2,,0.0,0.0,0.0,,0.0
2025-05-19,,SWIGGY,2025-05-29,321.8,328.8,319.2,323.5,,0.0,0.0,0.0,,0.0
2025-05-19,,SWIGGY,2025-06-26,321.8,328.8,319.2,323.5,,0.0,0.0,0.0,,0.0
2025-05-19,,SWIGGY,2025-07-31,321.8,328.8,319.2,323.5,,0.0,0.0,0.0,,0.0
2025-05-20,,SWIGGY,2025-05-29,325.0,325.3,310.15,311.35,,0.0,0.0,0.0,,0.0
2025-05-20,,SWIGGY,2025-06-26,325.0,325.3,310.15,311.35,,0.0,0.0,0.0,,0.0
2025-05-20,,SWIGGY,2025-07-31,325.0,325.3,310.15,311.35,,0.0,0.0,0.0,,0.0
2025-05-21,,SWIGGY,2025-05-29,313.65,315.0,308.7,313.8,,0.0,0.0,0.0,,0.0
2025-05-21,,SWIGGY,2025-06-26,313.65,315.0,308.7,313.8,,0.0,0.0,0.0,,0.0
2025-05-21,,SWIGGY,2025-07-31,313.65,315.0,308.7,313.8,,0.0,0.0,0.0,,0.0
2025-05-22,,SWIGGY,2025-05-29,311.05,318.2,310.15,315.05,,0.0,0.0,0.0,,0.0
2025-05-22,,SWIGGY,2025-06-26,311.05,318.2,310.15,315.05,,0.0,0.0,0.0,,0.0
2025-05-22,,SWIGGY,2025-07-31,311.05,318.2,310.15,315.05,,0.0,0.0,0.0,,0.0
2025-05-23,,SWIGGY,2025-05-29,317.05,326.5,311.45,323.65,,0.0,0.0,0.0,,0.0
2025-05-23,,SWIGGY,2025-06-26,317.05,326.5,311.45,323.65,,0.0,0.0,0.0,,0.0
2025-05-23,,SWIGGY,2025-07-31,317.05,326.5,311.45,323.65,,0.0,0.0,0.0,,0.0
2025-05-26,,SWIGGY,2025-05-29,324.9,327.1,318.55,320.85,,0.0,0.0,0.0,,0.0
2025-05-26,,SWIGGY,2025-06-26,324.9,327.1,318.55,320.85,,0.0,0.0,0.0,,0.0
2025-05-26,,SWIGGY,2025-07-31,324.9,327.1,318.55,320.85,,0.0,0.0,0.0,,0.0
2025-05-27,,SWIGGY,2025-05-29,322.0,325.35,317.9,320.15,,0.0,0.0,0.0,,0.0
2025-05-27,,SWIGGY,2025-06-26,322.0,325.35,317.9,320.15,,0.0,0.0,0.0,,0.0
2025-05-27,,SWIGGY,2025-07-31,322.0,325.35,317.9,320.15,,0.0,0.0,0.0,,0.0
2025-05-28,,SWIGGY,2025-05-29,320.35,326.9,318.5,320.2,,0.0,0.0,0.0,,0.0
2025-05-28,,SWIGGY,2025-06-26,320.35,326.9,318.5,320.2,,0.0,0.0,0.0,,0.0
2025-05-28,,SWIGGY,2025-07-31,320.35,326.9,318.5,320.2,,0.0,0.0,0.0,,0.0
2025-05-29,,SWIGGY,2025-05-29,321.3,331.2,320.0,328.85,,0.0,0.0,0.0,,0.0
2025-05-29,,SWIGGY,2025-06-26,321.3,331.2,320.0,328.85,,0.0,0.0,0.0,,0.0
2025-05-29,,SWIGGY,2025-07-31,321.3,331.2,320.0,328.85,,0.0,0.0,0.0,,0.0
2025-05-30,,SWIGGY,2025-06-26,328.95,338.2,327.65,333.05,,0.0,0.0,0.0,,0.0
2025-05-30,,SWIGGY,2025-07-31,328.95,338.2,327.65,333.05,,0.0,0.0,0.0,,0.0
2025-05-30,,SWIGGY,2025-08-28,328.95,338.2,327.65,333.05,,0.0,0.0,0.0,,0.0
2025-06-02,,SWIGGY,2025-06-26,330.85,343.55,327.95,333.3,,0.0,0.0,0.0,,0.0
2025-06-02,,SWIGGY,2025-07-31,330.85,343.55,327.95,333.3,,0.0,0.0,0.0,,0.0
2025-06-02,,SWIGGY,2025-08-28,330.85,343.55,327.95,333.3,,0.0,0.0,0.0,,0.0
2025-06-03,,SWIGGY,2025-06-26,338.0,347.25,330.6,333.2,,0.0,0.0,0.0,,0.0
2025-06-03,,SWIGGY,2025-07-31,338.0,347.25,330.6,333.2,,0.0,0.0,0.0,,0.0
2025-06-03,,SWIGGY,2025-08-28,338.0,347.25,330.6,333.2,,0.0,0.0,0.0,,0.0
2025-06-04,,SWIGGY,2025-06-26,335.4,364.95,335.1,362.75,,0.0,0.0,0.0,,0.0
2025-06-04,,SWIGGY,2025-07-31,335.4,364.95,335.1,362.75,,0.0,0.0,0.0,,0.0
2025-06-04,,SWIGGY,2025-08-28,335.4,364.95,335.1,362.75,,0.0,0.0,0.0,,0.0
2025-06-05,,SWIGGY,2025-06-26,361.0,370.0,357.1,364.15,,0.0,0.0,0.0,,0.0
2025-06-05,,SWIGGY,2025-07-31,361.0,370.0,357.1,364.15,,0.0,0.0,0.0,,0.0
2025-06-05,,SWIGGY,2025-08-28,361.0,370.0,357.1,364.15,,0.0,0.0,0.0,,0.0
2025-06-06,,SWIGGY,2025-06-26,365.75,376.5,365.15,374.45,,0.0,0.0,0.0,,0.0
2025-06-06,,SWIGGY,2025-07-31,365.75,376.5,365.15,374.45,,0.0,0.0,0.0,,0.0
2025-06-06,,SWIGGY,2025-08-28,365.75,376.5,365.15,374.45,,0.0,0.0,0.0,,0.0
2025-06-09,,SWIGGY,2025-06-26,376.0,376.25,360.1,364.6,,0.0,0.0,0.0,,0.0
2025-06-09,,SWIGGY,2025-07-31,376.0,376.25,360.1,364.6,,0.0,0.0,0.0,,0.0
2025-06-09,,SWIGGY,2025-08-28,376.0,376.25,360.1,364.6,,0.0,0.0,0.0,,0.0
2025-06-10,,SWIGGY,2025-06-26,364.55,369.5,352.55,361.6,,0.0,0.0,0.0,,0.0
2025-06-10,,SWIGGY,2025-07-31,364.55,369.5,352.55,361.6,,0.0,0.0,0.0,,0.0
2025-06-10,,SWIGGY,2025-08-28,364.55,369.5,352.55,361.6,,0.0,0.0,0.0,,0.0
2025-06-11,,SWIGGY,2025-06-26,360.5,361.6,352.0,356.05,,0.0,0.0,0.0,,0.0
2025-06-11,,SWIGGY,2025-07-31,360.5,361.6,352.0,356.05,,0.0,0.0,0.0,,0.0
2025-06-11,,SWIGGY,2025-08-28,360.5,361.6,352.0,356.05,,0.0,0.0,0.0,,0.0
2025-06-12,,SWIGGY,2025-06-26,357.0,366.0,352.85,356.1,,0.0,0.0,0.0,,0.0
2025-06-12,,SWIGGY,2025-07-31,357.0,366.0,352.85,356.1,,0.0,0.0,0.0,,0.0
2025-06-12,,SWIGGY,2025-08-28,357.0,366.0,352.85,356.1,,0.0,0.0,0.0,,0.0
2025-06-13,,SWIGGY,2025-06-26,350.0,357.9,345.75,354.2,,0.0,0.0,0.0,,0.0
2025-06-13,,SWIGGY,2025-07-31,350.0,357.9,345.75,354.2,,0.0,0.0,0.0,,0.0
2025-06-13,,SWIGGY,2025-08-28,350.0,357.9,345.75,354.2,,0.0,0.0,0.0,,0.0
2025-06-16,,SWIGGY,2025-06-26,355.0,362.0,352.2,360.95,,0.0,0.0,0.0,,0.0
2025-06-16,,SWIGGY,2025-07-31,355.0,362.0,352.2,360.95,,0.0,0.0,0.0,,0.0
2025-06-16,,SWIGGY,2025-08-28,355.0,362.0,352.2,360.95,,0.0,0.0,0.0,,0.0
2025-06-17,,SWIGGY,2025-06-26,361.95,364.2,351.9,355.75,,0.0,0.0,0.0,,0.0
2025-06-17,,SWIGGY,2025-07-31,361.95,364.2,351.9,355.75,,0.0,0.0,0.0,,0.0
2025-06-17,,SWIGGY,2025-08-28,361.95,364.2,351.9,355.75,,0.0,0.0,0.0,,0.0
2025-06-18,,SWIGGY,2025-06-26,357.5,366.9,352.65,365.4,,0.0,0.0,0.0,,0.0
2025-06-18,,SWIGGY,2025-07-31,357.5,366.9,352.65,365.4,,0.0,0.0,0.0,,0.0
2025-06-18,,SWIGGY,2025-08-28,357.5,366.9,352.65,365.4,,0.0,0.0,0.0,,0.0
2025-06-19,,SWIGGY,2025-06-26,364.55,385.0,362.1,374.15,,0.0,0.0,0.0,,0.0
2025-06-19,,SWIGGY,2025-07-31,364.55,385.0,362.1,374.15,,0.0,0.0,0.0,,0.0
2025-06-19,,SWIGGY,2025-08-28,364.55,385.0,362.1,374.15,,0.0,0.0,0.0,,0.0
2025-06-20,,SWIGGY,2025-06-26,376.5,398.9,371.0,389.5,,0.0,0.0,0.0,,0.0
2025-06-20,,SWIGGY,2025-07-31,376.5,398.9,371.0,389.5,,0.0,0.0,0.0,,0.0
2025-06-20,,SWIGGY,2025-08-28,376.5,398.9,371.0,389.5,,0.0,0.0,0.0,,0.0
2025-06-23,,SWIGGY,2025-06-26,385.85,395.85,378.05,389.0,,0.0,0.0,0.0,,0.0
2025-06-23,,SWIGGY,2025-07-31,385.85,395.85,378.05,389.0,,0.0,0.0,0.0,,0.0
2025-06-23,,SWIGGY,2025-08-28,385.85,395.85,378.05,389.0,,0.0,0.0,0.0,,0.0
2025-06-24,,SWIGGY,2025-06-26,390.9,399.4,384.25,391.15,,0.0,0.0,0.0,,0.0
2025-06-24,,SWIGGY,2025-07-31,390.9,399.4,384.25,391.15,,0.0,0.0,0.0,,0.0
2025-06-24,,SWIGGY,2025-08-28,390.9,399.4,384.25,391.15,,0.0,0.0,0.0,,0.0
2025-06-25,,SWIGGY,2025-06-26,393.15,402.5,389.3,399.95,,0.0,0.0,0.0,,0.0
2025-06-25,,SWIGGY,2025-07-31,393.15,402.5,389.3,399.95,,0.0,0.0,0.0,,0.0
2025-06-25,,SWIGGY,2025-08-28,393.15,402.5,389.3,399.95,,0.0,0.0,0.0,,0.0
2025-06-26,,SWIGGY,2025-06-26,399.5,412.0,398.4,405.25,,0.0,0.0,0.0,,0.0
2025-06-26,,SWIGGY,2025-07-31,399.5,412.0,398.4,405.25,,0.0,0.0,0.0,,0.0
2025-06-26,,SWIGGY,2025-08-28,399.5,412.0,398.4,405.25,,0.0,0.0,0.0,,0.0
2025-06-27,,SWIGGY,2025-07-31,408.5,410.0,395.2,406.95,,0.0,0.0,0.0,,0.0
2025-06-27,,SWIGGY,2025-08-28,408.5,410.0,395.2,406.95,,0.0,0.0,0.0,,0.0
2025-06-27,,SWIGGY,2025-09-25,408.5,410.0,395.2,406.95,,0.0,0.0,0.0,,0.0
2025-06-30,,SWIGGY,2025-07-31,405.5,406.95,398.65,400.4,,0.0,0.0,0.0,,0.0
2025-06-30,,SWIGGY,2025-08-28,405.5,406.95,398.65,400.4,,0.0,0.0,0.0,,0.0
2025-06-30,,SWIGGY,2025-09-25,405.5,406.95,398.65,400.4,,0.0,0.0,0.0,,0.0
2025-07-01,,SWIGGY,2025-07-31,400.5,402.1,391.55,393.45,,0.0,0.0,0.0,,0.0
2025-07-01,,SWIGGY,2025-08-28,400.5,402.1,391.55,393.45,,0.0,0.0,0.0,,0.0
2025-07-01,,SWIGGY,2025-09-25,400.5,402.1,391.55,393.45,,0.0,0.0,0.0,,0.0
2025-07-02,,SWIGGY,2025-07-31,394.0,395.0,380.0,381.55,,0.0,0.0,0.0,,0.0
2025-07-02,,SWIGGY,2025-08-28,394.0,395.0,380.0,381.55,,0.0,0.0,0.0,,0.0
2025-07-02,,SWIGGY,2025-09-25,394.0,395.0,380.0,381.55,,0.0,0.0,0.0,,0.0
2025-07-03,,SWIGGY,2025-07-31,383.25,388.35,380.6,386.0,,0.0,0.0,0.0,,0.0
2025-07-03,,SWIGGY,2025-08-28,383.25,388.35,380.6,386.0,,0.0,0.0,0.0,,0.0
2025-07-03,,SWIGGY,2025-09-25,383.25,388.35,380.6,386.0,,0.0,0.0,0.0,,0.0
2025-07-04,,SWIGGY,2025-07-31,388.0,395.0,381.55,383.5,,0.0,0.0,0.0,,0.0
2025-07-04,,SWIGGY,2025-08-28,388.0,395.0,381.55,383.5,,0.0,0.0,0.0,,0.0
2025-07-04,,SWIGGY,2025-09-25,388.0,395.0,381.55,383.5,,0.0,0.0,0.0,,0.0
2025-07-07,,SWIGGY,2025-07-31,386.0,387.5,375.05,376.65,,0.0,0.0,0.0,,0.0
2025-07-07,,SWIGGY,2025-08-28,386.0,387.5,375.05,376.65,,0.0,0.0,0.0,,0.0
2025-07-07,,SWIGGY,2025-09-25,386.0,387.5,375.05,376.65,,0.0,0.0,0.0,,0.0
2025-07-08,,SWIGGY,2025-07-31,378.15,383.0,376.15,381.45,,0.0,0.0,0.0,,0.0
2025-07-08,,SWIGGY,2025-08-28,378.15,383.0,376.15,381.45,,0.0,0.0,0.0,,0.0
2025-07-08,,SWIGGY,2025-09-25,378.15,383.0,376.15,381.45,,0.0,0.0,0.0,,0.0
2025-07-09,,SWIGGY,2025-07-31,381.5,382.95,374.55,380.15,,0.0,0.0,0.0,,0.0
2025-07-09,,SWIGGY,2025-08-28,381.5,382.95,374.55,380.15,,0.0,0.0,0.0,,0.0
2025-07-09,,SWIGGY,2025-09-25,381.5,382.95,374.55,380.15,,0.0,0.0,0.0,,0.0
2025-07-10,,SWIGGY,2025-07-31,380.0,390.4,377.6,384.35,,0.0,0.0,0.0,,0.0
2025-07-10,,SWIGGY,2025-08-28,380.0,390.4,377.6,384.35,,0.0,0.0,0.0,,0.0
2025-07-10,,SWIGGY,2025-09-25,380.0,390.4,377.6,384.35,,0.0,0.0,0.0,,0.0
2025-07-11,,SWIGGY,2025-07-31,383.85,389.0,377.85,385.1,,0.0,0.0,0.0,,0.0
2025-07-11,,SWIGGY,2025-08-28,383.85,389.0,377.85,385.1,,0.0,0.0,0.0,,0.0
2025-07-11,,SWIGGY,2025-09-25,383.85,389.0,377.85,385.1,,0.0,0.0,0.0,,0.0
2025-07-14,,SWIGGY,2025-07-31,384.5,394.7,380.4,393.05,,0.0,0.0,0.0,,0.0
2025-07-14,,SWIGGY,2025-08-28,384.5,394.7,380.4,393.05,,0.0,0.0,0.0,,0.0
2025-07-14,,SWIGGY,2025-09-25,384.5,394.7,380.4,393.05,,0.0,0.0,0.0,,0.0
2025-07-15,,SWIGGY,2025-07-31,393.0,399.2,383.3,388.45,,0.0,0.0,0.0,,0.0
2025-07-15,,SWIGGY,2025-08-28,393.0,399.2,383.3,388.45,,0.0,0.0,0.0,,0.0
2025-07-15,,SWIGGY,2025-09-25,393.0,399.2,383.3,388.45,,0.0,0.0,0.0,,0.0
2025-07-16,,SWIGGY,2025-07-31,390.0,400.0,386.75,389.85,,0.0,0.0,0.0,,0.0
2025-07-16,,SWIGGY,2025-08-28,390.0,400.0,386.75,389.85,,0.0,0.0,0.0,,0.0
2025-07-16,,SWIGGY,2025-09-25,390.0,400.0,386.75,389.85,,0.0,0.0,0.0,,0.0
2025-07-17,,SWIGGY,2025-07-31,391.75,393.2,383.9,385.65,,0.0,0.0,0.0,,0.0
2025-07-17,,SWIGGY,2025-08-28,391.75,393.2,383.9,385.65,,0.0,0.0,0.0,,0.0
2025-07-17,,SWIGGY,2025-09-25,391.75,393.2,383.9,385.65,,0.0,0.0,0.0,,0.0
2025-07-18,,SWIGGY,2025-07-31,387.0,393.0,386.05,388.8,,0.0,0.0,0.0,,0.0
2025-07-18,,SWIGGY,2025-08-28,387.0,393.0,386.05,388.8,,0.0,0.0,0.0,,0.0
2025-07-18,,SWIGGY,2025-09-25,387.0,393.0,386.05,388.8,,0.0,0.0,0.0,,0.0
2025-07-21,,SWIGGY,2025-07-31,388.8,400.8,380.1,394.75,,0.0,0.0,0.0,,0.0
2025-07-21,,SWIGGY,2025-08-28,388.8,400.8,380.1,394.75,,0.0,0.0,0.0,,0.0
2025-07-21,,SWIGGY,2025-09-25,388.8,400.8,380.1,394.75,,0.0,0.0,0.0,,0.0
2025-07-22,,SWIGGY,2025-07-31,405.0,426.3,403.75,417.15,,0.0,0.0,0.0,,0.0
2025-07-22,,SWIGGY,2025-08-28,405.0,426.3,403.75,417.15,,0.0,0.0,0.0,,0.0
2025-07-22,,SWIGGY,2025-09-25,405.0,426.3,403.75,417.15,,0.0,0.0,0.0,,0.0
2025-07-23,,SWIGGY,2025-07-31,418.0,421.0,412.6,418.7,,0.0,0.0,0.0,,0.0
2025-07-23,,SWIGGY,2025-08-28,418.0,421.0,412.6,418.7,,0.0,0.0,0.0,,0.0
2025-07-23,,SWIGGY,2025-09-25,418.0,421.0,412.6,418.7,,0.0,0.0,0.0,,0.0
2025-07-24,,SWIGGY,2025-07-31,418.0,429.9,405.7,419.25,,0.0,0.0,0.0,,0.0
2025-07-24,,SWIGGY,2025-08-28,418.0,429.9,405.7,419.25,,0.0,0.0,0.0,,0.0
2025-07-24,,SWIGGY,2025-09-25,418.0,429.9,405.7,419.25,,0.0,0.0,0.0,,0.0
2025-07-25,,SWIGGY,2025-07-31,418.55,418.55,406.0,407.95,,0.0,0.0,0.0,,0.0
2025-07-25,,SWIGGY,2025-08-28,418.55,418.55,406.0,407.95,,0.0,0.0,0.0,,0.0
2025-07-25,,SWIGGY,2025-09-25,418.55,418.55,406.0,407.95,,0.0,0.0,0.0,,0.0
2025-07-28,,SWIGGY,2025-07-31,405.9,416.2,401.35,407.1,,0.0,0.0,0.0,,0.0
2025-07-28,,SWIGGY,2025-08-28,405.9,416.2,401.35,407.1,,0.0,0.0,0.0,,0.0
2025-07-28,,SWIGGY,2025-09-25,405.9,416.2,401.35,407.1,,0.0,0.0,0.0,,0.0
2025-07-29,,SWIGGY,2025-07-31,408.1,415.7,402.3,413.8,,0.0,0.0,0.0,,0.0
2025-07-29,,SWIGGY,2025-08-28,408.1,415.7,402.3,413.8,,0.0,0.0,0.0,,0.0
2025-07-29,,SWIGGY,2025-09-25,408.1,415.7,402.3,413.8,,0.0,0.0,0.0,,0.0
2025-07-30,,SWIGGY,2025-07-31,413.8,414.0,399.0,401.1,,0.0,0.0,0.0,,0.0
2025-07-30,,SWIGGY,2025-08-28,413.8,414.0,399.0,401.1,,0.0,0.0,0.0,,0.0
2025-07-30,,SWIGGY,2025-09-25,413.8,414.0,399.0,401.1,,0.0,0.0,0.0,,0.0
2025-07-31,,SWIGGY,2025-07-31,400.0,407.0,397.7,403.75,,0.0,0.0,0.0,,0.0
2025-07-31,,SWIGGY,2025-08-28,400.0,407.0,397.7,403.75,,0.0,0.0,0.0,,0.0
2025-07-31,,SWIGGY,2025-09-25,400.0,407.0,397.7,403.75,,0.0,0.0,0.0,,0.0
2025-08-01,,SWIGGY,2025-08-28,408.0,408.5,386.4,392.35,,0.0,0.0,0.0,,0.0
2025-08-01,,SWIGGY,2025-09-30,408.0,408.5,386.4,392.35,,0.0,0.0,0.0,,0.0
2025-08-01,,SWIGGY,2025-10-28,408.0,408.5,386.4,392.35,,0.0,0.0,0.0,,0.0
2025-08-04,,SWIGGY,2025-08-28,392.5,403.15,381.75,399.2,,0.0,0.0,0.0,,0.0
2025-08-04,,SWIGGY,2025-09-30,392.5,403.15,381.75,399.2,,0.0,0.0,0.0,,0.0
2025-08-04,,SWIGGY,2025-10-28,392.5,403.15,381.75,399.2,,0.0,0.0,0.0,,0.0
2025-08-05,,SWIGGY,2025-08-28,397.2,398.9,383.0,385.55,,0.0,0.0,0.0,,0.0
2025-08-05,,SWIGGY,2025-09-30,397.2,398.9,383.0,385.55,,0.0,0.0,0.0,,0.0
2025-08-05,,SWIGGY,2025-10-28,397.2,398.9,383.0,385.55,,0.0,0.0,0.0,,0.0
2025-08-06,,SWIGGY,2025-08-28,386.9,399.0,385.55,393.95,,0.0,0.0,0.0,,0.0
2025-08-06,,SWIGGY,2025-09-30,386.9,399.0,385.55,393.95,,0.0,0.0,0.0,,0.0
2025-08-06,,SWIGGY,2025-10-28,386.9,399.0,385.55,393.95,,0.0,0.0,0.0,,0.0
2025-08-07,,SWIGGY,2025-08-28,392.0,400.55,387.5,398.5,,0.0,0.0,0.0,,0.0
2025-08-07,,SWIGGY,2025-09-30,392.0,400.55,387.5,398.5,,0.0,0.0,0.0,,0.0
2025-08-07,,SWIGGY,2025-10-28,392.0,400.55,387.5,398.5,,0.0,0.0,0.0,,0.0
2025-08-08,,SWIGGY,2025-08-28,402.9,402.9,381.85,384.8,,0.0,0.0,0.0,,0.0
2025-08-08,,SWIGGY,2025-09-30,402.9,402.9,381.85,384.8,,0.0,0.0,0.0,,0.0
2025-08-08,,SWIGGY,2025-10-28,402.9,402.9,381.85,384.8,,0.0,0.0,0.0,,0.0
2025-08-11,,SWIGGY,2025-08-28,385.0,404.95,381.65,400.7,,0.0,0.0,0.0,,0.0
2025-08-11,,SWIGGY,2025-09-30,385.0,404.95,381.65,400.7,,0.0,0.0,0.0,,0.0
2025-08-11,,SWIGGY,2025-10-28,385.0,404.95,381.65,400.7,,0.0,0.0,0.0,,0.0
2025-08-12,,SWIGGY,2025-08-28,403.0,403.5,391.65,393.25,,0.0,0.0,0.0,,0.0
2025-08-12,,SWIGGY,2025-09-30,403.0,403.5,391.65,393.25,,0.0,0.0,0.0,,0.0
2025-08-12,,SWIGGY,2025-10-28,403.0,403.5,391.65,393.25,,0.0,0.0,0.0,,0.0
2025-08-13,,SWIGGY,2025-08-28,396.45,405.75,395.1,400.4,,0.0,0.0,0.0,,0.0
2025-08-13,,SWIGGY,2025-09-30,396.45,405.75,395.1,400.4,,0.0,0.0,0.0,,0.0
2025-08-13,,SWIGGY,2025-10-28,396.45,405.75,395.1,400.4,,0.0,0.0,0.0,,0.0
2025-08-14,,SWIGGY,2025-08-28,401.0,403.8,397.0,398.4,,0.0,0.0,0.0,,0.0
2025-08-14,,SWIGGY,2025-09-30,401.0,403.8,397.0,398.4,,0.0,0.0,0.0,,0.0
2025-08-14,,SWIGGY,2025-10-28,401.0,403.8,397.0,398.4,,0.0,0.0,0.0,,0.0
2025-08-18,,SWIGGY,2025-08-28,408.05,410.85,397.8,399.85,,0.0,0.0,0.0,,0.0
2025-08-18,,SWIGGY,2025-09-30,408.05,410.85,397.8,399.85,,0.0,0.0,0.0,,0.0
2025-08-18,,SWIGGY,2025-10-28,408.05,410.85,397.8,399.85,,0.0,0.0,0.0,,0.0
2025-08-19,,SWIGGY,2025-08-28,401.8,410.75,399.5,409.7,,0.0,0.0,0.0,,0.0
2025-08-19,,SWIGGY,2025-09-30,401.8,410.75,399.5,409.7,,0.0,0.0,0.0,,0.0
2025-08-19,,SWIGGY,2025-10-28,401.8,410.75,399.5,409.7,,0.0,0.0,0.0,,0.0
2025-08-20,,SWIGGY,2025-08-28,408.5,422.7,406.35,421.05,,0.0,0.0,0.0,,0.0
2025-08-20,,SWIGGY,2025-09-30,408.5,422.7,406.35,421.05,,0.0,0.0,0.0,,0.0
2025-08-20,,SWIGGY,2025-10-28,408.5,422.7,406.35,421.05,,0.0,0.0,0.0,,0.0
2025-08-21,,SWIGGY,2025-08-28,427.0,443.4,424.1,435.7,,0.0,0.0,0.0,,0.0
2025-08-21,,SWIGGY,2025-09-30,427.0,443.4,424.1,435.7,,0.0,0.0,0.0,,0.0
2025-08-21,,SWIGGY,2025-10-28,427.0,443.4,424.1,435.7,,0.0,0.0,0.0,,0.0
2025-08-22,,SWIGGY,2025-08-28,431.85,434.95,421.2,427.9,,0.0,0.0,0.0,,0.0
2025-08-22,,SWIGGY,2025-09-30,431.85,434.95,421.2,427.9,,0.0,0.0,0.0,,0.0
2025-08-22,,SWIGGY,2025-10-28,431.85,434.95,421.2,427.9,,0.0,0.0,0.0,,0.0
2025-08-25,,SWIGGY,2025-08-28,428.0,432.3,420.1,425.65,,0.0,0.0,0.0,,0.0
2025-08-25,,SWIGGY,2025-09-30,428.0,432.3,420.1,425.65,,0.0,0.0,0.0,,0.0
2025-08-25,,SWIGGY,2025-10-28,428.0,432.3,420.1,425.65,,0.0,0.0,0.0,,0.0
2025-08-26,,SWIGGY,2025-08-28,427.0,439.4,419.0,430.55,,0.0,0.0,0.0,,0.0
2025-08-26,,SWIGGY,2025-09-30,427.0,439.4,419.0,430.55,,0.0,0.0,0.0,,0.0
2025-08-26,,SWIGGY,2025-10-28,427.0,439.4,419.0,430.55,,0.0,0.0,0.0,,0.0
2025-08-28,,SWIGGY,2025-08-28,430.55,433.2,419.6,421.0,,0.0,0.0,0.0,,0.0
2025-08-28,,SWIGGY,2025-09-30,430.55,433.2,419.6,421.0,,0.0,0.0,0.0,,0.0
2025-08-28,,SWIGGY,2025-10-28,430.55,433.2,419.6,421.0,,0.0,0.0,0.0,,0.0
2025-08-29,,SWIGGY,2025-09-30,425.0,425.0,406.15,409.75,,0.0,0.0,0.0,,0.0
2025-08-29,,SWIGGY,2025-10-28,425.0,425.0,406.15,409.75,,0.0,0.0,0.0,,0.0
2025-08-29,,SWIGGY,2025-11-25,425.0,425.0,406.15,409.75,,0.0,0.0,0.0,,0.0
2025-09-01,,SWIGGY,2025-09-30,416.95,430.0,413.25,428.5,,0.0,0.0,0.0,,0.0
2025-09-01,,SWIGGY,2025-10-28,416.95,430.0,413.25,428.5,,0.0,0.0,0.0,,0.0
2025-09-01,,SWIGGY,2025-11-25,416.95,430.0,413.25,428.5,,0.0,0.0,0.0,,0.0
2025-09-02,,SWIGGY,2025-09-30,427.95,432.6,421.45,425.95,,0.0,0.0,0.0,,0.0
2025-09-02,,SWIGGY,2025-10-28,427.95,432.6,421.45,425.95,,0.0,0.0,0.0,,0.0
2025-09-02,,SWIGGY,2025-11-25,427.95,432.6,421.45,425.95,,0.0,0.0,0.0,,0.0
2025-09-03,,SWIGGY,2025-09-30,428.1,434.75,424.65,430.6,,0.0,0.0,0.0,,0.0
2025-09-03,,SWIGGY,2025-10-28,428.1,434.75,424.65,430.6,,0.0,0.0,0.0,,0.0
2025-09-03,,SWIGGY,2025-11-25,428.1,434.75,424.65,430.6,,0.0,0.0,0.0,,0.0
2025-09-04,,SWIGGY,2025-09-30,432.0,436.25,421.2,423.1,,0.0,0.0,0.0,,0.0
2025-09-04,,SWIGGY,2025-10-28,432.0,436.25,421.2,423.1,,0.0,0.0,0.0,,0.0
2025-09-04,,SWIGGY,2025-11-25,432.0,436.25,421.2,423.1,,0.0,0.0,0.0,,0.0
2025-09-05,,SWIGGY,2025-09-30,425.0,440.0,420.7,439.05,,0.0,0.0,0.0,,0.0
2025-09-05,,SWIGGY,2025-10-28,425.0,440.0,420.7,439.05,,0.0,0.0,0.0,,0.0
2025-09-05,,SWIGGY,2025-11-25,425.0,440.0,420.7,439.05,,0.0,0.0,0.0,,0.0
2025-09-08,,SWIGGY,2025-09-30,443.0,458.95,440.0,443.15,,0.0,0.0,0.0,,0.0
2025-09-08,,SWIGGY,2025-10-28,443.0,458.95,440.0,443.15,,0.0,0.0,0.0,,0.0
2025-09-08,,SWIGGY,2025-11-25,443.0,458.95,440.0,443.15,,0.0,0.0,0.0,,0.0
2025-09-09,,SWIGGY,2025-09-30,445.0,445.0,432.2,436.65,,0.0,0.0,0.0,,0.0
2025-09-09,,SWIGGY,2025-10-28,445.0,445.0,432.2,436.65,,0.0,0.0,0.0,,0.0
2025-09-09,,SWIGGY,2025-11-25,445.0,445.0,432.2,436.65,,0.0,0.0,0.0,,0.0
2025-09-10,,SWIGGY,2025-09-30,438.75,438.75,421.4,423.9,,0.0,0.0,0.0,,0.0
2025-09-10,,SWIGGY,2025-10-28,438.75,438.75,421.4,423.9,,0.0,0.0,0.0,,0.0
2025-09-10,,SWIGGY,2025-11-25,438.75,438.75,421.4,423.9,,0.0,0.0,0.0,,0.0
2025-09-11,,SWIGGY,2025-09-30,426.95,432.2,422.5,423.7,,0.0,0.0,0.0,,0.0
2025-09-11,,SWIGGY,2025-10-28,426.95,432.2,422.5,423.7,,0.0,0.0,0.0,,0.0
2025-09-11,,SWIGGY,2025-11-25,426.95,432.2,422.5,423.7,,0.0,0.0,0.0,,0.0
2025-09-12,,SWIGGY,2025-09-30,425.05,430.0,415.55,420.55,,0.0,0.0,0.0,,0.0
2025-09-12,,SWIGGY,2025-10-28,425.05,430.0,415.55,420.55,,0.0,0.0,0.0,,0.0
2025-09-12,,SWIGGY,2025-11-25,425.05,430.0,415.55,420.55,,0.0,0.0,0.0,,0.0
2025-09-15,,SWIGGY,2025-09-30,422.65,427.9,420.45,424.85,,0.0,0.0,0.0,,0.0
2025-09-15,,SWIGGY,2025-10-28,422.65,427.9,420.45,424.85,,0.0,0.0,0.0,,0.0
2025-09-15,,SWIGGY,2025-11-25,422.65,427.9,420.45,424.85,,0.0,0.0,0.0,,0.0
2025-09-16,,SWIGGY,2025-09-30,427.9,439.2,425.3,437.2,,0.0,0.0,0.0,,0.0
2025-09-16,,SWIGGY,2025-10-28,427.9,439.2,425.3,437.2,,0.0,0.0,0.0,,0.0
2025-09-16,,SWIGGY,2025-11-25,427.9,439.2,425.3,437.2,,0.0,0.0,0.0,,0.0
2025-09-17,,SWIGGY,2025-09-30,437.0,442.6,432.0,440.95,,0.0,0.0,0.0,,0.0
2025-09-17,,SWIGGY,2025-10-28,437.0,442.6,432.0,440.95,,0.0,0.0,0.0,,0.0
2025-09-17,,SWIGGY,2025-11-25,437.0,442.6,432.0,440.95,,0.0,0.0,0.0,,0.0
2025-09-18,,SWIGGY,2025-09-30,440.0,445.0,436.25,444.5,,0.0,0.0,0.0,,0.0
2025-09-18,,SWIGGY,2025-10-28,440.0,445.0,436.25,444.5,,0.0,0.0,0.0,,0.0
2025-09-18,,SWIGGY,2025-11-25,440.0,445.0,436.25,444.5,,0.0,0.0,0.0,,0.0
2025-09-19,,SWIGGY,2025-09-30,445.0,474.0,440.85,458.45,,0.0,0.0,0.0,,0.0
2025-09-19,,SWIGGY,2025-10-28,445.0,474.0,440.85,458.45,,0.0,0.0,0.0,,0.0
2025-09-19,,SWIGGY,2025-11-25,445.0,474.0,440.85,458.45,,0.0,0.0,0.0,,0.0
2025-09-22,,SWIGGY,2025-09-30,461.0,464.35,446.55,449.55,,0.0,0.0,0.0,,0.0
2025-09-22,,SWIGGY,2025-10-28,461.0,464.35,446.55,449.55,,0.0,0.0,0.0,,0.0
2025-09-22,,SWIGGY,2025-11-25,461.0,464.35,446.55,449.55,,0.0,0.0,0.0,,0.0
2025-09-23,,SWIGGY,2025-09-30,450.7,451.65,445.2,449.2,,0.0,0.0,0.0,,0.0
2025-09-23,,SWIGGY,2025-10-28,450.7,451.65,445.2,449.2,,0.0,0.0,0.0,,0.0
2025-09-23,,SWIGGY,2025-11-25,450.7,451.65,445.2,449.2,,0.0,0.0,0.0,,0.0
2025-09-24,,SWIGGY,2025-09-30,458.2,460.9,436.0,438.45,,0.0,0.0,0.0,,0.0
2025-09-24,,SWIGGY,2025-10-28,458.2,460.9,436.0,438.45,,0.0,0.0,0.0,,0.0
2025-09-24,,SWIGGY,2025-11-25,458.2,460.9,436.0,438.45,,0.0,0.0,0.0,,0.0
2025-09-25,,SWIGGY,2025-09-30,439.95,440.8,425.0,426.1,,0.0,0.0,0.0,,0.0
2025-09-25,,SWIGGY,2025-10-28,439.95,440.8,425.0,426.1,,0.0,0.0,0.0,,0.0
2025-09-25,,SWIGGY,2025-11-25,439.95,440.8,425.0,426.1,,0.0,0.0,0.0,,0.0
2025-09-26,,SWIGGY,2025-09-30,425.0,427.9,418.0,420.65,,0.0,0.0,0.0,,0.0
2025-09-26,,SWIGGY,2025-10-28,425.0,427.9,418.0,420.65,,0.0,0.0,0.0,,0.0
2025-09-26,,SWIGGY,2025-11-25,425.0,427.9,418.0,420.65,,0.0,0.0,0.0,,0.0
2025-09-29,,SWIGGY,2025-09-30,423.55,423.6,413.2,416.5,,0.0,0.0,0.0,,0.0
2025-09-29,,SWIGGY,2025-10-28,423.55,423.6,413.2,416.5,,0.0,0.0,0.0,,0.0
2025-09-29,,SWIGGY,2025-11-25,423.55,423.6,413.2,416.5,,0.0,0.0,0.0,,0.0
2025-09-30,,SWIGGY,2025-09-30,419.25,426.5,416.55,422.95,,0.0,0.0,0.0,,0.0
2025-09-30,,SWIGGY,2025-10-28,419.25,426.5,416.55,422.95,,0.0,0.0,0.0,,0.0
2025-09-30,,SWIGGY,2025-11-25,419.25,426.5,416.55,422.95,,0.0,0.0,0.0,,0.0
2025-10-01,,SWIGGY,2025-10-28,423.3,423.3,414.25,417.75,,0.0,0.0,0.0,,0.0
2025-10-01,,SWIGGY,2025-11-25,423.3,423.3,414.25,417.75,,0.0,0.0,0.0,,0.0
2025-10-01,,SWIGGY,2025-12-30,423.3,423.3,414.25,417.75,,0.0,0.0,0.0,,0.0
2025-10-03,,SWIGGY,2025-10-28,420.0,421.25,412.55,413.85,,0.0,0.0,0.0,,0.0
2025-10-03,,SWIGGY,2025-11-25,420.0,421.25,412.55,413.85,,0.0,0.0,0.0,,0.0
2025-10-03,,SWIGGY,2025-12-30,420.0,421.25,412.55,413.85,,0.0,0.0,0.0,,0.0
2025-10-06,,SWIGGY,2025-10-28,413.85,424.7,408.15,421.55,,0.0,0.0,0.0,,0.0
2025-10-06,,SWIGGY,2025-11-25,413.85,424.7,408.15,421.55,,0.0,0.0,0.0,,0.0
2025-10-06,,SWIGGY,2025-12-30,413.85,424.7,408.15,421.55,,0.0,0.0,0.0,,0.0
2025-10-07,,SWIGGY,2025-10-28,422.0,422.65,414.45,420.75,,0.0,0.0,0.0,,0.0
2025-10-07,,SWIGGY,2025-11-25,422.0,422.65,414.45,420.75,,0.0,0.0,0.0,,0.0
2025-10-07,,SWIGGY,2025-12-30,422.0,422.65,414.45,420.75,,0.0,0.0,0.0,,0.0
2025-10-08,,SWIGGY,2025-10-28,420.0,423.45,416.5,420.9,,0.0,0.0,0.0,,0.0
2025-10-08,,SWIGGY,2025-11-25,420.0,423.45,416.5,420.9,,0.0,0.0,0.0,,0.0
2025-10-08,,SWIGGY,2025-12-30,420.0,423.45,416.5,420.9,,0.0,0.0,0.0,,0.0
2025-10-09,,SWIGGY,2025-10-28,422.8,437.8,421.05,436.9,,0.0,0.0,0.0,,0.0
2025-10-09,,SWIGGY,2025-11-25,422.8,437.8,421.05,436.9,,0.0,0.0,0.0,,0.0
2025-10-09,,SWIGGY,2025-12-30,422.8,437.8,421.05,436.9,,0.0,0.0,0.0,,0.0
2025-10-10,,SWIGGY,2025-10-28,436.1,439.0,428.7,435.55,,0.0,0.0,0.0,,0.0
2025-10-10,,SWIGGY,2025-11-25,436.1,439.0,428.7,435.55,,0.0,0.0,0.0,,0.0
2025-10-10,,SWIGGY,2025-12-30,436.1,439.0,428.7,435.55,,0.0,0.0,0.0,,0.0
2025-10-13,,SWIGGY,2025-10-28,435.0,437.6,431.3,434.8,,0.0,0.0,0.0,,0.0
2025-10-13,,SWIGGY,2025-11-25,435.0,437.6,431.3,434.8,,0.0,0.0,0.0,,0.0
2025-10-13,,SWIGGY,2025-12-30,435.0,437.6,431.3,434.8,,0.0,0.0,0.0,,0.0
2025-10-14,,SWIGGY,2025-10-28,435.2,442.0,432.35,440.15,,0.0,0.0,0.0,,0.0
2025-10-14,,SWIGGY,2025-11-25,435.2,442.0,432.35,440.15,,0.0,0.0,0.0,,0.0
2025-10-14,,SWIGGY,2025-12-30,435.2,442.0,432.35,440.15,,0.0,0.0,0.0,,0.0
2025-10-15,,SWIGGY,2025-10-28,440.4,443.5,435.7,442.7,,0.0,0.0,0.0,,0.0
2025-10-15,,SWIGGY,2025-11-25,440.4,443.5,435.7,442.7,,0.0,0.0,0.0,,0.0
2025-10-15,,SWIGGY,2025-12-30,440.4,443.5,435.7,442.7,,0.0,0.0,0.0,,0.0
2025-10-16,,SWIGGY,2025-10-28,444.45,459.95,442.75,448.4,,0.0,0.0,0.0,,0.0
2025-10-16,,SWIGGY,2025-11-25,444.45,459.95,442.75,448.4,,0.0,0.0,0.0,,0.0
2025-10-16,,SWIGGY,2025-12-30,444.45,459.95,442.75,448.4,,0.0,0.0,0.0,,0.0
2025-10-17,,SWIGGY,2025-10-28,447.0,447.0,424.95,432.15,,0.0,0.0,0.0,,0.0
2025-10-17,,SWIGGY,2025-11-25,447.0,447.0,424.95,432.15,,0.0,0.0,0.0,,0.0
2025-10-17,,SWIGGY,2025-12-30,447.0,447.0,424.95,432.15,,0.0,0.0,0.0,,0.0
2025-10-20,,SWIGGY,2025-10-28,435.0,435.9,416.1,421.9,,0.0,0.0,0.0,,0.0
2025-10-20,,SWIGGY,2025-11-25,435.0,435.9,416.1,421.9,,0.0,0.0,0.0,,0.0
2025-10-20,,SWIGGY,2025-12-30,435.0,435.9,416.1,421.9,,0.0,0.0,0.0,,0.0
2025-10-21,,SWIGGY,2025-10-28,427.0,433.9,424.0,432.1,,0.0,0.0,0.0,,0.0
2025-10-21,,SWIGGY,2025-11-25,427.0,433.9,424.0,432.1,,0.0,0.0,0.0,,0.0
2025-10-21,,SWIGGY,2025-12-30,427.0,433.9,424.0,432.1,,0.0,0.0,0.0,,0.0
2025-10-23,,SWIGGY,2025-10-28,432.1,433.05,423.0,424.3,,0.0,0.0,0.0,,0.0
2025-10-23,,SWIGGY,2025-11-25,432.1,433.05,423.0,424.3,,0.0,0.0,0.0,,0.0
2025-10-23,,SWIGGY,2025-12-30,432.1,433.05,423.0,424.3,,0.0,0.0,0.0,,0.0
2025-10-24,,SWIGGY,2025-10-28,426.0,430.2,423.0,424.9,,0.0,0.0,0.0,,0.0
2025-10-24,,SWIGGY,2025-11-25,426.0,430.2,423.0,424.9,,0.0,0.0,0.0,,0.0
2025-10-24,,SWIGGY,2025-12-30,426.0,430.2,423.0,424.9,,0.0,0.0,0.0,,0.0
2025-10-28,,SWIGGY,2025-10-28,427.7,429.0,419.15,422.1,,0.0,0.0,0.0,,0.0
2025-10-28,,SWIGGY,2025-11-25,427.7,429.0,419.15,422.1,,0.0,0.0,0.0,,0.0
2025-10-28,,SWIGGY,2025-12-30,427.7,429.0,419.15,422.1,,0.0,0.0,0.0,,0.0
2025-10-29,,SWIGGY,2025-11-25,423.25,426.6,417.65,418.95,,0.0,0.0,0.0,,0.0
2025-10-29,,SWIGGY,2025-12-30,423.25,426.6,417.65,418.95,,0.0,0.0,0.0,,0.0
2025-10-29,,SWIGGY,2026-01-27,423.25,426.6,417.65,418.95,,0.0,0.0,0.0,,0.0
2025-10-30,,SWIGGY,2025-11-25,419.95,422.5,413.5,417.95,,0.0,0.0,0.0,,0.0
2025-10-30,,SWIGGY,2025-12-30,419.95,422.5,413.5,417.95,,0.0,0.0,0.0,,0.0
2025-10-30,,SWIGGY,2026-01-27,419.95,422.5,413.5,417.95,,0.0,0.0,0.0,,0.0
2025-10-31,,SWIGGY,2025-11-25,430.0,434.0,407.1,409.95,,0.0,0.0,0.0,,0.0
2025-10-31,,SWIGGY,2025-12-30,430.0,434.0,407.1,409.95,,0.0,0.0,0.0,,0.0
2025-10-31,,SWIGGY,2026-01-27,430.0,434.0,407.1,409.95,,0.0,0.0,0.0,,0.0
2025-11-03,,SWIGGY,2025-11-25,409.8,409.8,401.4,402.45,,0.0,0.0,0.0,,0.0
2025-11-03,,SWIGGY,2025-12-30,409.8,409.8,401.4,402.45,,0.0,0.0,0.0,,0.0
2025-11-03,,SWIGGY,2026-01-27,409.8,409.8,401.4,402.45,,0.0,0.0,0.0,,0.0
2025-11-04,,SWIGGY,2025-11-25,405.0,415.45,402.3,413.35,,0.0,0.0,0.0,,0.0
2025-11-04,,SWIGGY,2025-12-30,405.0,415.45,402.3,413.35,,0.0,0.0,0.0,,0.0
2025-11-04,,SWIGGY,2026-01-27,405.0,415.45,402.3,413.35,,0.0,0.0,0.0,,0.0
2025-11-06,,SWIGGY,2025-11-25,412.65,413.0,402.6,403.95,,0.0,0.0,0.0,,0.0
2025-11-06,,SWIGGY,2025-12-30,412.65,413.0,402.6,403.95,,0.0,0.0,0.0,,0.0
2025-11-06,,SWIGGY,2026-01-27,412.65,413.0,402.6,403.95,,0.0,0.0,0.0,,0.0
2025-11-07,,SWIGGY,2025-11-25,399.95,408.8,395.65,401.4,,0.0,0.0,0.0,,0.0
2025-11-07,,SWIGGY,2025-12-30,399.95,408.8,395.65,401.4,,0.0,0.0,0.0,,0.0
2025-11-07,,SWIGGY,2026-01-27,399.95,408.8,395.65,401.4,,0.0,0.0,0.0,,0.0
2025-11-10,,SWIGGY,2025-11-25,404.0,411.4,380.0,386.95,,0.0,0.0,0.0,,0.0
2025-11-10,,SWIGGY,2025-12-30,404.0,411.4,380.0,386.95,,0.0,0.0,0.0,,0.0
2025-11-10,,SWIGGY,2026-01-27,404.0,411.4,380.0,386.95,,0.0,0.0,0.0,,0.0
2025-11-11,,SWIGGY,2025-11-25,387.9,396.1,377.0,394.25,,0.0,0.0,0.0,,0.0
2025-11-11,,SWIGGY,2025-12-30,387.9,396.1,377.0,394.25,,0.0,0.0,0.0,,0.0
2025-11-11,,SWIGGY,2026-01-27,387.9,396.1,377.0,394.25,,0.0,0.0,0.0,,0.0
2025-11-12,,SWIGGY,2025-11-25,395.75,398.0,390.8,395.75,,0.0,0.0,0.0,,0.0
2025-11-12,,SWIGGY,2025-12-30,395.75,398.0,390.8,395.75,,0.0,0.0,0.0,,0.0
2025-11-12,,SWIGGY,2026-01-27,395.75,398.0,390.8,395.75,,0.0,0.0,0.0,,0.0
2025-11-13,,SWIGGY,2025-11-25,397.0,397.9,382.2,383.1,,0.0,0.0,0.0,,0.0
2025-11-13,,SWIGGY,2025-12-30,397.0,397.9,382.2,383.1,,0.0,0.0,0.0,,0.0
2025-11-13,,SWIGGY,2026-01-27,397.0,397.9,382.2,383.1,,0.0,0.0,0.0,,0.0
2025-11-14,,SWIGGY,2025-11-25,380.0,395.0,379.6,393.1,,0.0,0.0,0.0,,0.0
2025-11-14,,SWIGGY,2025-12-30,380.0,395.0,379.6,393.1,,0.0,0.0,0.0,,0.0
2025-11-14,,SWIGGY,2026-01-27,380.0,395.0,379.6,393.1,,0.0,0.0,0.0,,0.0
2025-11-17,,SWIGGY,2025-11-25,395.0,397.2,384.3,394.8,,0.0,0.0,0.0,,0.0
2025-11-17,,SWIGGY,2025-12-30,395.0,397.2,384.3,394.8,,0.0,0.0,0.0,,0.0
2025-11-17,,SWIGGY,2026-01-27,395.0,397.2,384.3,394.8,,0.0,0.0,0.0,,0.0
2025-11-18,,SWIGGY,2025-11-25,396.0,401.8,392.55,393.35,,0.0,0.0,0.0,,0.0
2025-11-18,,SWIGGY,2025-12-30,396.0,401.8,392.55,393.35,,0.0,0.0,0.0,,0.0
2025-11-18,,SWIGGY,2026-01-27,396.0,401.8,392.55,393.35,,0.0,0.0,0.0,,0.0
2025-11-19,,SWIGGY,2025-11-25,394.2,398.8,393.5,397.0,,0.0,0.0,0.0,,0.0
2025-11-19,,SWIGGY,2025-12-30,394.2,398.8,393.5,397.0,,0.0,0.0,0.0,,0.0
2025-11-19,,SWIGGY,2026-01-27,394.2,398.8,393.5,397.0,,0.0,0.0,0.0,,0.0
2025-11-20,,SWIGGY,2025-11-25,397.0,402.9,393.7,395.5,,0.0,0.0,0.0,,0.0
2025-11-20,,SWIGGY,2025-12-30,397.0,402.9,393.7,395.5,,0.0,0.0,0.0,,0.0
2025-11-20,,SWIGGY,2026-01-27,397.0,402.9,393.7,395.5,,0.0,0.0,0.0,,0.0
2025-11-21,,SWIGGY,2025-11-25,395.5,396.45,383.85,385.45,,0.0,0.0,0.0,,0.0
2025-11-21,,SWIGGY,2025-12-30,395.5,396.45,383.85,385.45,,0.0,0.0,0.0,,0.0
2025-11-21,,SWIGGY,2026-01-27,395.5,396.45,383.85,385.45,,0.0,0.0,0.0,,0.0
2025-11-24,,SWIGGY,2025-11-25,380.3,410.7,378.0,404.6,,0.0,0.0,0.0,,0.0
2025-11-24,,SWIGGY,2025-12-30,380.3,410.7,378.0,404.6,,0.0,0.0,0.0,,0.0
2025-11-24,,SWIGGY,2026-01-27,380.3,410.7,378.0,404.6,,0.0,0.0,0.0,,0.0
2025-11-25,,SWIGGY,2025-11-25,402.0,402.9,390.0,394.6,,0.0,0.0,0.0,,0.0
2025-11-25,,SWIGGY,2025-12-30,402.0,402.9,390.0,394.6,,0.0,0.0,0.0,,0.0
2025-11-25,,SWIGGY,2026-01-27,402.0,402.9,390.0,394.6,,0.0,0.0,0.0,,0.0
2025-11-26,,SWIGGY,2025-12-30,393.25,396.5,390.4,392.4,,0.0,0.0,0.0,,0.0
2025-11-26,,SWIGGY,2026-01-27,393.25,396.5,390.4,392.4,,0.0,0.0,0.0,,0.0
2025-11-26,,SWIGGY,2026-02-24,393.25,396.5,390.4,392.4,,0.0,0.0,0.0,,0.0
2025-11-27,,SWIGGY,2025-12-30,392.45,394.4,385.25,386.65,,0.0,0.0,0.0,,0.0
2025-11-27,,SWIGGY,2026-01-27,392.45,394.4,385.25,386.65,,0.0,0.0,0.0,,0.0
2025-11-27,,SWIGGY,2026-02-24,392.45,394.4,385.25,386.65,,0.0,0.0,0.0,,0.0
2025-11-28,,SWIGGY,2025-12-30,386.65,387.25,376.9,378.3,,0.0,0.0,0.0,,0.0
2025-11-28,,SWIGGY,2026-01-27,386.65,387.25,376.9,378.3,,0.0,0.0,0.0,,0.0
2025-11-28,,SWIGGY,2026-02-24,386.65,387.25,376.9,378.3,,0.0,0.0,0.0,,0.0
2025-12-01,,SWIGGY,2025-12-30,380.0,391.75,378.5,388.65,,0.0,0.0,0.0,,0.0
2025-12-01,,SWIGGY,2026-01-27,380.0,391.75,378.5,388.65,,0.0,0.0,0.0,,0.0
2025-12-01,,SWIGGY,2026-02-24,380.0,391.75,378.5,388.65,,0.0,0.0,0.0,,0.0
2025-12-02,,SWIGGY,2025-12-30,389.1,402.5,388.0,399.4,,0.0,0.0,0.0,,0.0
2025-12-02,,SWIGGY,2026-01-27,389.1,402.5,388.0,399.4,,0.0,0.0,0.0,,0.0
2025-12-02,,SWIGGY,2026-02-24,389.1,402.5,388.0,399.4,,0.0,0.0,0.0,,0.0
2025-12-03,,SWIGGY,2025-12-30,395.7,405.5,395.05,403.25,,0.0,0.0,0.0,,0.0
2025-12-03,,SWIGGY,2026-01-27,395.7,405.5,395.05,403.25,,0.0,0.0,0.0,,0.0
2025-12-03,,SWIGGY,2026-02-24,395.7,405.5,395.05,403.25,,0.0,0.0,0.0,,0.0
2025-12-04,,SWIGGY,2025-12-30,400.0,406.65,398.15,401.55,,0.0,0.0,0.0,,0.0
2025-12-04,,SWIGGY,2026-01-27,400.0,406.65,398.15,401.55,,0.0,0.0,0.0,,0.0
2025-12-04,,SWIGGY,2026-02-24,400.0,406.65,398.15,401.55,,0.0,0.0,0.0,,0.0
2025-12-05,,SWIGGY,2025-12-30,397.55,404.9,393.1,394.4,,0.0,0.0,0.0,,0.0
2025-12-05,,SWIGGY,2026-01-27,397.55,404.9,393.1,394.4,,0.0,0.0,0.0,,0.0
2025-12-05,,SWIGGY,2026-02-24,397.55,404.9,393.1,394.4,,0.0,0.0,0.0,,0.0
2025-12-08,,SWIGGY,2025-12-30,393.8,394.9,380.8,385.9,,0.0,0.0,0.0,,0.0
2025-12-08,,SWIGGY,2026-01-27,393.8,394.9,380.8,385.9,,0.0,0.0,0.0,,0.0
2025-12-08,,SWIGGY,2026-02-24,393.8,394.9,380.8,385.9,,0.0,0.0,0.0,,0.0
2025-12-09,,SWIGGY,2025-12-30,384.0,400.0,380.15,398.05,,0.0,0.0,0.0,,0.0
2025-12-09,,SWIGGY,2026-01-27,384.0,400.0,380.15,398.05,,0.0,0.0,0.0,,0.0
2025-12-09,,SWIGGY,2026-02-24,384.0,400.0,380.15,398.05,,0.0,0.0,0.0,,0.0
2025-12-10,,SWIGGY,2025-12-30,395.0,406.9,390.1,395.5,,0.0,0.0,0.0,,0.0
2025-12-10,,SWIGGY,2026-01-27,395.0,406.9,390.1,395.5,,0.0,0.0,0.0,,0.0
2025-12-10,,SWIGGY,2026-02-24,395.0,406.9,390.1,395.5,,0.0,0.0,0.0,,0.0
2025-12-11,,SWIGGY,2025-12-30,397.0,407.9,396.95,401.2,,0.0,0.0,0.0,,0.0
2025-12-11,,SWIGGY,2026-01-27,397.0,407.9,396.95,401.2,,0.0,0.0,0.0,,0.0
2025-12-11,,SWIGGY,2026-02-24,397.0,407.9,396.95,401.2,,0.0,0.0,0.0,,0.0
2025-12-12,,SWIGGY,2025-12-30,404.75,421.6,403.4,416.5,,0.0,0.0,0.0,,0.0
2025-12-12,,SWIGGY,2026-01-27,404.75,421.6,403.4,416.5,,0.0,0.0,0.0,,0.0
2025-12-12,,SWIGGY,2026-02-24,404.75,421.6,403.4,416.5,,0.0,0.0,0.0,,0.0
2025-12-15,,SWIGGY,2025-12-30,417.95,417.95,409.4,413.4,,0.0,0.0,0.0,,0.0
2025-12-15,,SWIGGY,2026-01-27,417.95,417.95,409.4,413.4,,0.0,0.0,0.0,,0.0
2025-12-15,,SWIGGY,2026-02-24,417.95,417.95,409.4,413.4,,0.0,0.0,0.0,,0.0
2025-12-16,,SWIGGY,2025-12-30,410.0,410.0,389.15,396.25,,0.0,0.0,0.0,,0.0
2025-12-16,,SWIGGY,2026-01-27,410.0,410.0,389.15,396.25,,0.0,0.0,0.0,,0.0
2025-12-16,,SWIGGY,2026-02-24,410.0,410.0,389.15,396.25,,0.0,0.0,0.0,,0.0
2025-12-17,,SWIGGY,2025-12-30,395.0,406.0,392.35,398.95,,0.0,0.0,0.0,,0.0
2025-12-17,,SWIGGY,2026-01-27,395.0,406.0,392.35,398.95,,0.0,0.0,0.0,,0.0
2025-12-17,,SWIGGY,2026-02-24,395.0,406.0,392.35,398.95,,0.0,0.0,0.0,,0.0
2025-12-18,,SWIGGY,2025-12-30,400.0,415.4,397.35,410.7,,0.0,0.0,0.0,,0.0
2025-12-18,,SWIGGY,2026-01-27,400.0,415.4,397.35,410.7,,0.0,0.0,0.0,,0.0
2025-12-18,,SWIGGY,2026-02-24,400.0,415.4,397.35,410.7,,0.0,0.0,0.0,,0.0
2025-12-19,,SWIGGY,2025-12-30,420.0,420.0,404.25,412.2,,0.0,0.0,0.0,,0.0
2025-12-19,,SWIGGY,2026-01-27,420.0,420.0,404.25,412.2,,0.0,0.0,0.0,,0.0
2025-12-19,,SWIGGY,2026-02-24,420.0,420.0,404.25,412.2,,0.0,0.0,0.0,,0.0
2025-12-22,,SWIGGY,2025-12-30,410.0,412.2,404.7,406.4,,0.0,0.0,0.0,,0.0
2025-12-22,,SWIGGY,2026-01-27,410.0,412.2,404.7,406.4,,0.0,0.0,0.0,,0.0
2025-12-22,,SWIGGY,2026-02-24,410.0,412.2,404.7,406.4,,0.0,0.0,0.0,,0.0
2025-12-23,,SWIGGY,2025-12-30,406.4,406.9,400.15,405.05,,0.0,0.0,0.0,,0.0
2025-12-23,,SWIGGY,2026-01-27,406.4,406.9,400.15,405.05,,0.0,0.0,0.0,,0.0
2025-12-23,,SWIGGY,2026-02-24,406.4,406.9,400.15,405.05,,0.0,0.0,0.0,,0.0
2025-12-24,,SWIGGY,2025-12-30,404.4,406.6,398.45,400.05,,0.0,0.0,0.0,,0.0
2025-12-24,,SWIGGY,2026-01-27,404.4,406.6,398.45,400.05,,0.0,0.0,0.0,,0.0
2025-12-24,,SWIGGY,2026-02-24,404.4,406.6,398.45,400.05,,0.0,0.0,0.0,,0.0
2025-12-26,,SWIGGY,2025-12-30,394.0,396.4,391.0,391.9,,0.0,0.0,0.0,,0.0
2025-12-26,,SWIGGY,2026-01-27,394.0,396.4,391.0,391.9,,0.0,0.0,0.0,,0.0
2025-12-26,,SWIGGY,2026-02-24,394.0,396.4,391.0,391.9,,0.0,0.0,0.0,,0.0
2025-12-29,,SWIGGY,2025-12-30,393.95,406.6,391.05,394.85,,0.0,0.0,0.0,,0.0
2025-12-29,,SWIGGY,2026-01-27,393.95,406.6,391.05,394.85,,0.0,0.0,0.0,,0.0
2025-12-29,,SWIGGY,2026-02-24,393.95,406.6,391.05,394.85,,0.0,0.0,0.0,,0.0
2025-12-30,,SWIGGY,2025-12-30,395.0,399.7,386.55,394.05,,0.0,0.0,0.0,,0.0
2025-12-30,,SWIGGY,2026-01-27,395.0,399.7,386.55,394.05,,0.0,0.0,0.0,,0.0
2025-12-30,,SWIGGY,2026-02-24,395.0,399.7,386.55,394.05,,0.0,0.0,0.0,,0.0
2026-01-01,FUTSTK    ,SWIGGY,2026-01-27,389.85,396.2,388.7,393.25,5014100.0,1462225570.0,3728400.0,2868.0,1249.0,
2026-01-01,FUTSTK    ,SWIGGY,2026-02-24,390.0,395.55,390.0,393.9,18200.0,13283855.0,33800.0,26.0,25.0,
2026-01-01,FUTSTK    ,SWIGGY,2026-03-30,391.0,398.3,391.0,398.3,24700.0,4620460.0,11700.0,9.0,9.0,
